year,month,division,dose,births,coverage_baseline,doses_baseline,stockout_flag,surge_doses,doses_disrupted
2020,1,Barishal,MR1,13265.704263539974,0.8808,13437.09716262491,0,0.0,13437.09716262491
2020,2,Barishal,MR1,13194.287288145426,0.8808,13364.757479908265,0,0.0,13364.757479908265
2020,3,Barishal,MR1,14587.813204257382,0.8808,14776.287750856387,0,0.0,14776.287750856387
2020,4,Barishal,MR1,14966.614847515097,0.8808,15159.983511344992,0,0.0,15159.983511344992
2020,5,Barishal,MR1,15675.598118434724,0.8808,15878.126846124898,0,0.0,15878.126846124898
2020,6,Barishal,MR1,14689.36722504458,0.8808,14879.153849592154,0,0.0,14879.153849592154
2020,7,Barishal,MR1,15076.818045603477,0.8808,15271.610534752674,0,0.0,15271.610534752674
2020,8,Barishal,MR1,14161.926047101391,0.8808,14344.898131629941,0,0.0,14344.898131629941
2020,9,Barishal,MR1,13965.411815277346,0.8808,14145.844935930729,0,0.0,14145.844935930729
2020,10,Barishal,MR1,13266.264490640287,0.8808,13437.66462785936,0,0.0,13437.66462785936
2020,11,Barishal,MR1,13558.248934558776,0.8808,13733.421510793274,0,0.0,13733.421510793274
2020,12,Barishal,MR1,12130.285296132472,0.8808,12287.008582158503,0,0.0,12287.008582158503
2021,1,Barishal,MR1,12934.172332599353,0.8756,13023.935488587593,0,0.0,13023.935488587593
2021,2,Barishal,MR1,13566.868762882272,0.8756,13661.022832096674,0,0.0,13661.022832096674
2021,3,Barishal,MR1,13996.575561472282,0.8756,14093.7117958689,0,0.0,14093.7117958689
2021,4,Barishal,MR1,14971.920732318527,0.8756,15075.825862200818,0,0.0,15075.825862200818
2021,5,Barishal,MR1,15273.864054101867,0.8756,15379.864670637333,0,0.0,15379.864670637333
2021,6,Barishal,MR1,14895.908970835153,0.8756,14999.286579092748,0,0.0,14999.286579092748
2021,7,Barishal,MR1,14634.325525781815,0.8756,14735.88774493074,0,0.0,14735.88774493074
2021,8,Barishal,MR1,13539.252404918167,0.8756,13633.214816608299,0,0.0,13633.214816608299
2021,9,Barishal,MR1,13860.297878573185,0.8756,13956.488345850481,0,0.0,13956.488345850481
2021,10,Barishal,MR1,13926.988992010896,0.8756,14023.642295615453,0,0.0,14023.642295615453
2021,11,Barishal,MR1,13175.412066328094,0.8756,13266.849426068411,0,0.0,13266.849426068411
2021,12,Barishal,MR1,12838.34172242274,0.8756,12927.439813976353,0,0.0,12927.439813976353
2022,1,Barishal,MR1,12811.646000261495,0.8704,12823.945180421744,0,0.0,12823.945180421744
2022,2,Barishal,MR1,13621.11265718331,0.8704,13634.188925334203,0,0.0,13634.188925334203
2022,3,Barishal,MR1,14639.919293596115,0.8704,14653.973616117964,0,0.0,14653.973616117964
2022,4,Barishal,MR1,13703.224181427719,0.8704,13716.379276641888,0,0.0,13716.379276641888
2022,5,Barishal,MR1,14861.286981055006,0.8704,14875.553816556818,0,0.0,14875.553816556818
2022,6,Barishal,MR1,15031.494387641827,0.8704,15045.92462225396,0,0.0,15045.92462225396
2022,7,Barishal,MR1,15238.983142428717,0.8704,15253.612566245447,0,0.0,15253.612566245447
2022,8,Barishal,MR1,14390.333501268187,0.8704,14404.148221429405,0,0.0,14404.148221429405
2022,9,Barishal,MR1,13405.255939111592,0.8704,13418.124984813137,0,0.0,13418.124984813137
2022,10,Barishal,MR1,12485.019832950515,0.8704,12497.005451990146,0,0.0,12497.005451990146
2022,11,Barishal,MR1,13208.251164366964,0.8704,13220.931085484754,0,0.0,13220.931085484754
2022,12,Barishal,MR1,12678.755227075122,0.8704,12690.926832093111,0,0.0,12690.926832093111
2023,1,Barishal,MR1,12800.500192456324,0.8652,12736.241681490192,0,0.0,12736.241681490192
2023,2,Barishal,MR1,13480.713073700386,0.8652,13413.039894070409,0,0.0,13413.039894070409
2023,3,Barishal,MR1,14199.508630501474,0.8652,14128.227097176356,0,0.0,14128.227097176356
2023,4,Barishal,MR1,14334.094844403833,0.8652,14262.137688284924,0,0.0,14262.137688284924
2023,5,Barishal,MR1,14867.0580179301,0.8652,14792.42538668009,0,0.0,14792.42538668009
2023,6,Barishal,MR1,14907.639328967314,0.8652,14832.802979535896,0,0.0,14832.802979535896
2023,7,Barishal,MR1,14216.915361621424,0.8652,14145.546446506083,0,0.0,14145.546446506083
2023,8,Barishal,MR1,14614.165799475859,0.8652,14540.802687162488,0,0.0,14540.802687162488
2023,9,Barishal,MR1,13364.753027199153,0.8652,13297.66196700261,0,0.0,13297.66196700261
2023,10,Barishal,MR1,13524.47306017122,0.8652,13456.580205409158,0,0.0,13456.580205409158
2023,11,Barishal,MR1,12719.785294732588,0.8652,12655.93197255303,0,0.0,12655.93197255303
2023,12,Barishal,MR1,12983.047734036394,0.8652,12917.87283441153,0,0.0,12917.87283441153
2024,1,Barishal,MR1,12851.026984731592,0.86,12709.665687899544,0,0.0,12709.665687899544
2024,2,Barishal,MR1,14247.831788076697,0.86,14091.105638407853,0,0.0,14091.105638407853
2024,3,Barishal,MR1,14047.200539007106,0.86,13892.681333078026,0,0.0,13892.681333078026
2024,4,Barishal,MR1,15072.139726802769,0.86,14906.346189807937,0,0.0,14906.346189807937
2024,5,Barishal,MR1,15399.481886729534,0.86,15230.087585975509,0,0.0,15230.087585975509
2024,6,Barishal,MR1,14608.93812683325,0.86,14448.239807438084,0,0.0,14448.239807438084
2024,7,Barishal,MR1,14297.171878958296,0.86,14139.902988289754,1,0.0,9700.631119873204
2024,8,Barishal,MR1,14098.882280958938,0.86,13943.794575868387,1,0.0,9566.091627630638
2024,9,Barishal,MR1,13738.102704758907,0.86,13586.98357500656,1,0.0,9321.302685178918
2024,10,Barishal,MR1,14032.855085695179,0.86,13878.49367975253,1,0.0,9521.292175644177
2024,11,Barishal,MR1,13546.55298796961,0.86,13397.540905101943,1,0.0,9191.33620233738
2024,12,Barishal,MR1,12695.07516747695,0.86,12555.429340634704,1,0.0,8613.60850113311
2025,1,Barishal,MR1,12483.992382997574,0.86,12346.6684667846,1,0.0,8470.388831863853
2025,2,Barishal,MR1,14483.493091047201,0.86,14324.174667045681,1,0.0,9827.050062275526
2025,3,Barishal,MR1,13973.504909548305,0.86,13819.796355543273,1,0.0,9481.023081128524
2025,4,Barishal,MR1,14940.004561086758,0.86,14775.664510914801,1,0.0,10136.793094697363
2025,5,Barishal,MR1,14964.125074167761,0.86,14799.519698351914,1,0.0,10153.158862822826
2025,6,Barishal,MR1,14566.55085848509,0.86,14406.318799041754,1,0.0,9883.404757482132
2025,7,Barishal,MR1,15050.56697791615,0.86,14885.010741159072,1,0.0,10211.809694516109
2025,8,Barishal,MR1,13438.558067629761,0.86,13290.733928885833,1,0.0,9118.061648886793
2025,9,Barishal,MR1,13415.32448613369,0.86,13267.755916786218,1,0.0,9102.297663841708
2025,10,Barishal,MR1,13685.117861505763,0.86,13534.581565029199,1,0.0,9285.352469031659
2025,11,Barishal,MR1,13111.74707123154,0.86,12967.517853447991,1,0.0,8896.320387830598
2025,12,Barishal,MR1,12943.462844756988,0.86,12801.084753464662,1,0.0,8782.139540167616
2026,1,Barishal,MR1,12172.869626342828,0.86,12038.968060453057,0,0.0,12038.968060453057
2026,2,Barishal,MR1,14045.633473111102,0.86,13891.13150490688,0,0.0,13891.13150490688
2026,3,Barishal,MR1,14215.676872643087,0.86,14059.304427044011,0,186300.0,200359.304427044
2026,4,Barishal,MR1,15216.62242554549,0.86,15049.239578864488,0,186300.0,201349.23957886448
2026,5,Barishal,MR1,14825.335462975492,0.86,14662.25677288276,0,186300.0,200962.25677288277
2026,6,Barishal,MR1,14788.322139883989,0.86,14625.650596345264,0,186300.0,200925.65059634525
2026,7,Barishal,MR1,13391.150625683014,0.86,13243.8479688005,0,0.0,13243.8479688005
2026,8,Barishal,MR1,14539.612724009148,0.86,14379.676984045045,0,0.0,14379.676984045045
2026,9,Barishal,MR1,13265.068286689408,0.86,13119.152535535823,0,0.0,13119.152535535823
2026,10,Barishal,MR1,13520.504731968245,0.86,13371.779179916593,0,0.0,13371.779179916593
2026,11,Barishal,MR1,13649.263537358978,0.86,13499.121638448029,0,0.0,13499.121638448029
2026,12,Barishal,MR1,12083.913227236986,0.86,11950.99018173738,0,0.0,11950.99018173738
2027,1,Barishal,MR1,13450.33660899153,0.86,13302.382906292623,0,0.0,13302.382906292623
2027,2,Barishal,MR1,14093.224564955377,0.86,13938.199094740867,0,0.0,13938.199094740867
2027,3,Barishal,MR1,13607.98091107724,0.86,13458.293121055389,0,0.0,13458.293121055389
2027,4,Barishal,MR1,13671.999872020899,0.86,13521.60787342867,0,0.0,13521.60787342867
2027,5,Barishal,MR1,14620.51722124842,0.86,14459.691531814686,0,0.0,14459.691531814686
2027,6,Barishal,MR1,14659.709121708564,0.86,14498.452321369768,0,0.0,14498.452321369768
2027,7,Barishal,MR1,14538.183583603235,0.86,14378.263564183599,0,0.0,14378.263564183599
2027,8,Barishal,MR1,14144.15231580303,0.86,13988.566640329196,0,0.0,13988.566640329196
2027,9,Barishal,MR1,13374.262651256113,0.86,13227.145762092294,0,0.0,13227.145762092294
2027,10,Barishal,MR1,13185.281407068669,0.86,13040.243311590913,0,0.0,13040.243311590913
2027,11,Barishal,MR1,13870.647492079766,0.86,13718.070369666888,0,0.0,13718.070369666888
2027,12,Barishal,MR1,12855.305851632502,0.86,12713.897487264543,0,0.0,12713.897487264543
2028,1,Barishal,MR1,13161.99889689407,0.86,13017.216909028235,0,0.0,13017.216909028235
2028,2,Barishal,MR1,14056.278500257815,0.86,13901.659436754979,0,0.0,13901.659436754979
2028,3,Barishal,MR1,14426.977714111534,0.86,14268.280959256306,0,0.0,14268.280959256306
2028,4,Barishal,MR1,14209.90756956414,0.86,14053.598586298935,0,0.0,14053.598586298935
2028,5,Barishal,MR1,14900.412624901976,0.86,14736.508086028052,0,0.0,14736.508086028052
2028,6,Barishal,MR1,14330.61072020335,0.86,14172.974002281113,0,0.0,14172.974002281113
2028,7,Barishal,MR1,13814.232633023235,0.86,13662.276074059979,0,0.0,13662.276074059979
2028,8,Barishal,MR1,14267.564659069521,0.86,14110.621447819756,0,0.0,14110.621447819756
2028,9,Barishal,MR1,13640.712922427056,0.86,13490.665080280358,0,0.0,13490.665080280358
2020,4,Barishal,MR2,13354.158942076823,0.8734000000000001,13413.050783011382,0,0.0,13413.050783011382
2020,5,Barishal,MR2,13565.58819995112,0.8734000000000001,13625.412443912905,0,0.0,13625.412443912905
2020,6,Barishal,MR2,12951.964519658288,0.8734000000000001,13009.082683189981,0,0.0,13009.082683189981
2020,7,Barishal,MR2,13265.704263539974,0.8734000000000001,13324.206019342184,0,0.0,13324.206019342184
2020,8,Barishal,MR2,13194.287288145426,0.8734000000000001,13252.474095086147,0,0.0,13252.474095086147
2020,9,Barishal,MR2,14587.813204257382,0.8734000000000001,14652.145460488158,0,0.0,14652.145460488158
2020,10,Barishal,MR2,14966.614847515097,0.8734000000000001,15032.617618992637,0,0.0,15032.617618992637
2020,11,Barishal,MR2,15675.598118434724,0.8734000000000001,15744.72750613702,0,0.0,15744.72750613702
2020,12,Barishal,MR2,14689.36722504458,0.8734000000000001,14754.147334507026,0,0.0,14754.147334507026
2021,1,Barishal,MR2,15076.818045603477,0.8568,14855.490356694017,0,0.0,14855.490356694017
2021,2,Barishal,MR2,14161.926047101391,0.8568,13954.02897272994,0,0.0,13954.02897272994
2021,3,Barishal,MR2,13965.411815277346,0.8568,13760.399569829073,0,0.0,13760.399569829073
2021,4,Barishal,MR2,13266.264490640287,0.8568,13071.515727917687,0,0.0,13071.515727917687
2021,5,Barishal,MR2,13558.248934558776,0.8568,13359.213840199453,0,0.0,13359.213840199453
2021,6,Barishal,MR2,12130.285296132472,0.8568,11952.212707985245,0,0.0,11952.212707985245
2021,7,Barishal,MR2,12934.172332599353,0.8568,12744.298682756793,0,0.0,12744.298682756793
2021,8,Barishal,MR2,13566.868762882272,0.8568,13367.707129443159,0,0.0,13367.707129443159
2021,9,Barishal,MR2,13996.575561472282,0.8568,13791.105832229867,0,0.0,13791.105832229867
2021,10,Barishal,MR2,14971.920732318527,0.8568,14752.13293596809,0,0.0,14752.13293596809
2021,11,Barishal,MR2,15273.864054101867,0.8568,15049.643729787651,0,0.0,15049.643729787651
2021,12,Barishal,MR2,14895.908970835153,0.8568,14677.237027143292,0,0.0,14677.237027143292
2022,1,Barishal,MR2,14634.325525781815,0.8402000000000001,14140.124352776164,0,0.0,14140.124352776164
2022,2,Barishal,MR2,13539.252404918167,0.8402000000000001,13082.03185120408,0,0.0,13082.03185120408
2022,3,Barishal,MR2,13860.297878573185,0.8402000000000001,13392.235619213769,0,0.0,13392.235619213769
2022,4,Barishal,MR2,13926.988992010896,0.8402000000000001,13456.674573750688,0,0.0,13456.674573750688
2022,5,Barishal,MR2,13175.412066328094,0.8402000000000001,12730.478400848195,0,0.0,12730.478400848195
2022,6,Barishal,MR2,12838.34172242274,0.8402000000000001,12404.790922456523,0,0.0,12404.790922456523
2022,7,Barishal,MR2,12811.646000261495,0.8402000000000001,12378.996714832663,0,0.0,12378.996714832663
2022,8,Barishal,MR2,13621.11265718331,0.8402000000000001,13161.12768275023,0,0.0,13161.12768275023
2022,9,Barishal,MR2,14639.919293596115,0.8402000000000001,14145.529219051374,0,0.0,14145.529219051374
2022,10,Barishal,MR2,13703.224181427719,0.8402000000000001,13240.466300820905,0,0.0,13240.466300820905
2022,11,Barishal,MR2,14861.286981055006,0.8402000000000001,14359.421319704777,0,0.0,14359.421319704777
2022,12,Barishal,MR2,15031.494387641827,0.8402000000000001,14523.880822171162,0,0.0,14523.880822171162
2023,1,Barishal,MR2,15238.983142428717,0.8236,14433.450493519933,0,0.0,14433.450493519933
2023,2,Barishal,MR2,14390.333501268187,0.8236,13629.66047239115,0,0.0,13629.66047239115
2023,3,Barishal,MR2,13405.255939111592,0.8236,12696.654110170153,0,0.0,12696.654110170153
2023,4,Barishal,MR2,12485.019832950515,0.8236,11825.06168458075,0,0.0,11825.06168458075
2023,5,Barishal,MR2,13208.251164366964,0.8236,12510.063007818526,0,0.0,12510.063007818526
2023,6,Barishal,MR2,12678.755227075122,0.8236,12008.556225771928,0,0.0,12008.556225771928
2023,7,Barishal,MR2,12800.500192456324,0.8236,12123.865752283084,0,0.0,12123.865752283084
2023,8,Barishal,MR2,13480.713073700386,0.8236,12768.122580624582,0,0.0,12768.122580624582
2023,9,Barishal,MR2,14199.508630501474,0.8236,13448.922604293164,0,0.0,13448.922604293164
2023,10,Barishal,MR2,14334.094844403833,0.8236,13576.394590928645,0,0.0,13576.394590928645
2023,11,Barishal,MR2,14867.0580179301,0.8236,14081.185331102313,0,0.0,14081.185331102313
2023,12,Barishal,MR2,14907.639328967314,0.8236,14119.621514038103,0,0.0,14119.621514038103
2024,1,Barishal,MR2,14216.915361621424,0.807,13194.008301352762,0,0.0,13194.008301352762
2024,2,Barishal,MR2,14614.165799475859,0.807,13562.676570203572,0,0.0,13562.676570203572
2024,3,Barishal,MR2,13364.753027199153,0.807,12403.159046892173,0,0.0,12403.159046892173
2024,4,Barishal,MR2,13524.47306017122,0.807,12551.3872234919,0,0.0,12551.3872234919
2024,5,Barishal,MR2,12719.785294732588,0.807,11804.596742776579,0,0.0,11804.596742776579
2024,6,Barishal,MR2,12983.047734036394,0.807,12048.917449572475,0,0.0,12048.917449572475
2024,7,Barishal,MR2,12851.026984731592,0.807,11926.395593180154,1,0.0,8719.421809140384
2024,8,Barishal,MR2,14247.831788076697,0.807,13222.700290924578,1,0.0,9667.153868210036
2024,9,Barishal,MR2,14047.200539007106,0.807,13036.504460225544,1,0.0,9531.02556571632
2024,10,Barishal,MR2,15072.139726802769,0.807,13987.699273459308,1,0.0,10226.446804635676
2024,11,Barishal,MR2,15399.481886729534,0.807,14291.489164979344,1,0.0,10448.548460145987
2024,12,Barishal,MR2,14608.93812683325,0.807,13557.825028607598,1,0.0,9912.16451905636
2025,1,Barishal,MR2,14297.171878958296,0.807,13268.490362267246,1,0.0,9700.631119873202
2025,2,Barishal,MR2,14098.882280958938,0.807,13084.467700843943,1,0.0,9566.091627630638
2025,3,Barishal,MR2,13738.102704758907,0.807,12749.646215151504,1,0.0,9321.302685178918
2025,4,Barishal,MR2,14032.855085695179,0.807,13023.19116227941,1,0.0,9521.292175644177
2025,5,Barishal,MR2,13546.55298796961,0.807,12571.878500485196,1,0.0,9191.33620233738
2025,6,Barishal,MR2,12695.07516747695,0.807,11781.664509176984,1,0.0,8613.608501133109
2025,7,Barishal,MR2,12483.992382997574,0.807,11585.769131040899,1,0.0,8470.388831863853
2025,8,Barishal,MR2,14483.493091047201,0.807,13441.405763146355,1,0.0,9827.050062275524
2025,9,Barishal,MR2,13973.504909548305,0.807,12968.111231306304,1,0.0,9481.023081128524
2025,10,Barishal,MR2,14940.004561086758,0.807,13865.071232916567,1,0.0,10136.793094697365
2025,11,Barishal,MR2,14964.125074167761,0.807,13887.456275081391,1,0.0,10153.158862822824
2025,12,Barishal,MR2,14566.55085848509,0.807,13518.487524217087,1,0.0,9883.404757482132
2026,1,Barishal,MR2,15050.56697791615,0.807,13967.678683855083,0,0.0,13967.678683855083
2026,2,Barishal,MR2,13438.558067629761,0.807,12471.6538146638,0,0.0,12471.6538146638
2026,3,Barishal,MR2,13415.32448613369,0.807,12450.09188935637,0,124200.0,136650.09188935638
2026,4,Barishal,MR2,13685.117861505763,0.807,12700.473631370423,0,124200.0,136900.47363137043
2026,5,Barishal,MR2,13111.74707123154,0.807,12168.356869456433,0,124200.0,136368.35686945645
2026,6,Barishal,MR2,12943.462844756988,0.807,12012.180693076722,0,124200.0,136212.18069307672
2026,7,Barishal,MR2,12172.869626342828,0.807,11297.03165672746,0,0.0,11297.03165672746
2026,8,Barishal,MR2,14045.633473111102,0.807,13035.050144720759,0,0.0,13035.050144720759
2026,9,Barishal,MR2,14215.676872643087,0.807,13192.858921656418,0,0.0,13192.858921656418
2026,10,Barishal,MR2,15216.62242554549,0.807,14121.786442027493,0,0.0,14121.786442027493
2026,11,Barishal,MR2,14825.335462975492,0.807,13758.652576414404,0,0.0,13758.652576414404
2026,12,Barishal,MR2,14788.322139883989,0.807,13724.302361919335,0,0.0,13724.302361919335
2027,1,Barishal,MR2,13391.150625683014,0.807,12427.657338165121,0,0.0,12427.657338165121
2027,2,Barishal,MR2,14539.612724009148,0.807,13493.48758851669,0,0.0,13493.48758851669
2027,3,Barishal,MR2,13265.068286689408,0.807,12310.646623462106,0,0.0,12310.646623462106
2027,4,Barishal,MR2,13520.504731968245,0.807,12547.70441650313,0,0.0,12547.70441650313
2027,5,Barishal,MR2,13649.263537358978,0.807,12667.199025846,0,0.0,12667.199025846
2027,6,Barishal,MR2,12083.913227236986,0.807,11214.475670537284,0,0.0,11214.475670537284
2027,7,Barishal,MR2,13450.33660899153,0.807,12482.58488997459,0,0.0,12482.58488997459
2027,8,Barishal,MR2,14093.224564955377,0.807,13079.217057506838,0,0.0,13079.217057506838
2027,9,Barishal,MR2,13607.98091107724,0.807,12628.886684525234,0,0.0,12628.886684525234
2027,10,Barishal,MR2,13671.999872020899,0.807,12688.299481228996,0,0.0,12688.299481228996
2027,11,Barishal,MR2,14620.51722124842,0.807,13568.571007179595,0,0.0,13568.571007179595
2027,12,Barishal,MR2,14659.709121708564,0.807,13604.94305040163,0,0.0,13604.94305040163
2028,1,Barishal,MR2,14538.183583603235,0.807,13492.161274762982,0,0.0,13492.161274762982
2028,2,Barishal,MR2,14144.15231580303,0.807,13126.480556681001,0,0.0,13126.480556681001
2028,3,Barishal,MR2,13374.262651256113,0.807,12411.984453498237,0,0.0,12411.984453498237
2028,4,Barishal,MR2,13185.281407068669,0.807,12236.600409830078,0,0.0,12236.600409830078
2028,5,Barishal,MR2,13870.647492079766,0.807,12872.654405024627,0,0.0,12872.654405024627
2028,6,Barishal,MR2,12855.305851632502,0.807,11930.366595607542,0,0.0,11930.366595607542
2028,7,Barishal,MR2,13161.99889689407,0.807,12214.99307626254,0,0.0,12214.99307626254
2028,8,Barishal,MR2,14056.278500257815,0.807,13044.929262164265,0,0.0,13044.929262164265
2028,9,Barishal,MR2,14426.977714111534,0.807,13388.95666758121,0,0.0,13388.95666758121
2028,10,Barishal,MR2,14209.90756956414,0.807,13187.504719934,0,0.0,13187.504719934
2028,11,Barishal,MR2,14900.412624901976,0.807,13828.327936540278,0,0.0,13828.327936540278
2028,12,Barishal,MR2,14330.61072020335,0.807,13299.52327888472,0,0.0,13299.52327888472
2020,1,Chattogram,MR1,49984.6222920862,0.8808,50630.42361209995,0,0.0,50630.42361209995
2020,2,Chattogram,MR1,53273.842066594385,0.8808,53962.140106094776,0,0.0,53962.140106094776
2020,3,Chattogram,MR1,53292.89796805167,0.8808,53981.4422097989,0,0.0,53981.4422097989
2020,4,Chattogram,MR1,54020.385780618904,0.8808,54718.3291649045,0,0.0,54718.3291649045
2020,5,Chattogram,MR1,56400.321093239756,0.8808,57129.013241764405,0,0.0,57129.013241764405
2020,6,Chattogram,MR1,56332.47996390635,0.8808,57060.29560504002,0,0.0,57060.29560504002
2020,7,Chattogram,MR1,53890.64726480375,0.8808,54586.91442746502,0,0.0,54586.91442746502
2020,8,Chattogram,MR1,49907.31312862391,0.8808,50552.115614245726,0,0.0,50552.115614245726
2020,9,Chattogram,MR1,52316.087883020715,0.8808,52992.011738469344,0,0.0,52992.011738469344
2020,10,Chattogram,MR1,50794.45794226299,0.8808,51450.72233887703,0,0.0,51450.72233887703
2020,11,Chattogram,MR1,50548.555604614376,0.8808,51201.642943025996,0,0.0,51201.642943025996
2020,12,Chattogram,MR1,48305.50744457103,0.8808,48929.61460075488,0,0.0,48929.61460075488
2021,1,Chattogram,MR1,48657.737206341386,0.8756,48995.4219025534,0,0.0,48995.4219025534
2021,2,Chattogram,MR1,49682.353416807,0.8756,50027.14894951964,0,0.0,50027.14894951964
2021,3,Chattogram,MR1,51402.13016731144,0.8756,51758.860950672584,0,0.0,51758.860950672584
2021,4,Chattogram,MR1,52618.918437402084,0.8756,52984.09373135766,0,0.0,52984.09373135766
2021,5,Chattogram,MR1,57348.559402141174,0.8756,57746.55840439203,0,0.0,57746.55840439203
2021,6,Chattogram,MR1,57237.99945924459,0.8756,57635.23117549174,0,0.0,57635.23117549174
2021,7,Chattogram,MR1,53723.23867091117,0.8756,54096.07794728729,0,0.0,54096.07794728729
2021,8,Chattogram,MR1,52135.37885966576,0.8756,52497.198388951845,0,0.0,52497.198388951845
2021,9,Chattogram,MR1,50111.79649080003,0.8756,50459.57235844618,0,0.0,50459.57235844618
2021,10,Chattogram,MR1,51538.90101385318,0.8756,51896.58098688932,0,0.0,51896.58098688932
2021,11,Chattogram,MR1,48570.81895206821,0.8756,48907.90043559557,0,0.0,48907.90043559557
2021,12,Chattogram,MR1,48606.94025890046,0.8756,48944.27242429723,0,0.0,48944.27242429723
2022,1,Chattogram,MR1,48378.79969789644,0.8704,48425.24334560641,0,0.0,48425.24334560641
2022,2,Chattogram,MR1,52540.795154025946,0.8704,52591.234317373805,0,0.0,52591.234317373805
2022,3,Chattogram,MR1,53245.034182603216,0.8704,53296.149415418506,0,0.0,53296.149415418506
2022,4,Chattogram,MR1,53631.86162121843,0.8704,53683.34820837479,0,0.0,53683.34820837479
2022,5,Chattogram,MR1,53834.94762126773,0.8704,53886.629170984146,0,0.0,53886.629170984146
2022,6,Chattogram,MR1,55064.23589240758,0.8704,55117.09755886429,0,0.0,55117.09755886429
2022,7,Chattogram,MR1,52437.48632607259,0.8704,52487.82631294561,0,0.0,52487.82631294561
2022,8,Chattogram,MR1,49039.21294223117,0.8704,49086.290586655705,0,0.0,49086.290586655705
2022,9,Chattogram,MR1,48838.32016651814,0.8704,48885.20495387799,0,0.0,48885.20495387799
2022,10,Chattogram,MR1,49911.61667259492,0.8704,49959.531824600606,0,0.0,49959.531824600606
2022,11,Chattogram,MR1,48294.67872780709,0.8704,48341.041619385775,0,0.0,48341.041619385775
2022,12,Chattogram,MR1,44170.21360541241,0.8704,44212.61701047361,0,0.0,44212.61701047361
2023,1,Chattogram,MR1,47853.956674252695,0.8652,47613.72981174794,0,0.0,47613.72981174794
2023,2,Chattogram,MR1,50944.07928176476,0.8652,50688.340003770296,0,0.0,50688.340003770296
2023,3,Chattogram,MR1,50550.29317144865,0.8652,50296.53069972797,0,0.0,50296.53069972797
2023,4,Chattogram,MR1,51909.85654092248,0.8652,51649.26906108705,0,0.0,51649.26906108705
2023,5,Chattogram,MR1,53330.68586842525,0.8652,53062.96582536575,0,0.0,53062.96582536575
2023,6,Chattogram,MR1,53936.540825083874,0.8652,53665.77939014195,0,0.0,53665.77939014195
2023,7,Chattogram,MR1,54196.40386298458,0.8652,53924.3379155924,0,0.0,53924.3379155924
2023,8,Chattogram,MR1,52284.361409445744,0.8652,52021.89391517032,0,0.0,52021.89391517032
2023,9,Chattogram,MR1,50348.96064856748,0.8652,50096.208866111665,0,0.0,50096.208866111665
2023,10,Chattogram,MR1,47203.51976873774,0.8652,46966.55809949867,0,0.0,46966.55809949867
2023,11,Chattogram,MR1,46095.14312871815,0.8652,45863.74551021197,0,0.0,45863.74551021197
2023,12,Chattogram,MR1,46798.94167979755,0.8652,46564.01099256496,0,0.0,46564.01099256496
2024,1,Chattogram,MR1,48432.875418877564,0.86,47900.113789269904,0,0.0,47900.113789269904
2024,2,Chattogram,MR1,50925.132046442406,0.86,50364.95559393153,0,0.0,50364.95559393153
2024,3,Chattogram,MR1,52841.17614070943,0.86,52259.92320316162,0,0.0,52259.92320316162
2024,4,Chattogram,MR1,53435.64821825145,0.86,52847.85608785068,0,0.0,52847.85608785068
2024,5,Chattogram,MR1,54716.762802413046,0.86,54114.8784115865,0,0.0,54114.8784115865
2024,6,Chattogram,MR1,55568.564477471686,0.86,54957.310268219495,0,0.0,54957.310268219495
2024,7,Chattogram,MR1,51666.41729281272,0.86,51098.08670259178,1,0.0,35055.664133173435
2024,8,Chattogram,MR1,49083.926040525665,0.86,48544.002854079874,1,0.0,33303.44381849666
2024,9,Chattogram,MR1,50620.702936701884,0.86,50063.87520439816,1,0.0,34346.14694255222
2024,10,Chattogram,MR1,47889.62636450853,0.86,47362.84047449893,1,0.0,32493.111488319035
2024,11,Chattogram,MR1,47766.55670523225,0.86,47241.124581474694,1,0.0,32409.60872450008
2024,12,Chattogram,MR1,45099.19162590488,0.86,44603.10051801992,1,0.0,30599.801518176457
2025,1,Chattogram,MR1,48016.02712979597,0.86,47487.8508313682,1,0.0,32578.874407566556
2025,2,Chattogram,MR1,50857.93168855714,0.86,50298.494439983006,1,0.0,34507.106650686015
2025,3,Chattogram,MR1,51790.96275059727,0.86,51221.262160340695,1,0.0,35140.16822628024
2025,4,Chattogram,MR1,49621.63660695251,0.86,49075.79860427603,1,0.0,33668.28043781728
2025,5,Chattogram,MR1,52847.23650321816,0.86,52265.91690168276,1,0.0,35856.84996743352
2025,6,Chattogram,MR1,51120.34240992317,0.86,50558.018643414005,1,0.0,34685.15232513286
2025,7,Chattogram,MR1,51842.34190925088,0.86,51272.07614824911,1,0.0,35175.02898542671
2025,8,Chattogram,MR1,50034.08114774177,0.86,49483.7062551166,1,0.0,33948.12405874278
2025,9,Chattogram,MR1,45914.2046507746,0.86,45409.14839961607,1,0.0,31152.78785555056
2025,10,Chattogram,MR1,49217.957030671394,0.86,48676.559503334,1,0.0,33394.383845310535
2025,11,Chattogram,MR1,44741.65246700266,0.86,44249.49428986563,1,0.0,30357.211198861303
2025,12,Chattogram,MR1,44528.843962658226,0.86,44039.02667906898,1,0.0,30212.8206286636
2026,1,Chattogram,MR1,46791.43797153515,0.86,46276.732153848265,0,0.0,46276.732153848265
2026,2,Chattogram,MR1,50937.32370519043,0.86,50377.01314443333,0,0.0,50377.01314443333
2026,3,Chattogram,MR1,51718.71622612401,0.86,51149.81034763664,0,341550.0,392699.81034763664
2026,4,Chattogram,MR1,52193.877767948405,0.86,51619.74511250097,0,341550.0,393169.74511250097
2026,5,Chattogram,MR1,51946.263199774425,0.86,51374.854304576904,0,341550.0,392924.8543045769
2026,6,Chattogram,MR1,52983.787565558574,0.86,52400.965902337426,0,341550.0,393950.96590233746
2026,7,Chattogram,MR1,52856.36306333106,0.86,52274.94306963441,0,0.0,52274.94306963441
2026,8,Chattogram,MR1,50084.98490381964,0.86,49534.050069877616,0,0.0,49534.050069877616
2026,9,Chattogram,MR1,45631.51059850357,0.86,45129.56398192003,0,0.0,45129.56398192003
2026,10,Chattogram,MR1,46388.53514818111,0.86,45878.26126155111,0,0.0,45878.26126155111
2026,11,Chattogram,MR1,48716.82756224564,0.86,48180.942459060934,0,0.0,48180.942459060934
2026,12,Chattogram,MR1,46359.82960417854,0.86,45849.87147853258,0,0.0,45849.87147853258
2027,1,Chattogram,MR1,45287.11990845007,0.86,44788.96158945711,0,0.0,44788.96158945711
2027,2,Chattogram,MR1,47033.85833761772,0.86,46516.48589590393,0,0.0,46516.48589590393
2027,3,Chattogram,MR1,49983.83053227589,0.86,49434.00839642085,0,0.0,49434.00839642085
2027,4,Chattogram,MR1,53497.178213291256,0.86,52908.709252945046,0,0.0,52908.709252945046
2027,5,Chattogram,MR1,53349.8999079226,0.86,52763.05100893545,0,0.0,52763.05100893545
2027,6,Chattogram,MR1,51504.68015800492,0.86,50938.12867626687,0,0.0,50938.12867626687
2027,7,Chattogram,MR1,51331.089427735336,0.86,50766.447444030244,0,0.0,50766.447444030244
2027,8,Chattogram,MR1,49971.964873872574,0.86,49422.27326025997,0,0.0,49422.27326025997
2027,9,Chattogram,MR1,48966.85506732159,0.86,48428.219661581046,0,0.0,48428.219661581046
2027,10,Chattogram,MR1,47877.88490710159,0.86,47351.22817312346,0,0.0,47351.22817312346
2027,11,Chattogram,MR1,43822.75852189327,0.86,43340.70817815245,0,0.0,43340.70817815245
2027,12,Chattogram,MR1,43129.13975749117,0.86,42654.71922015876,0,0.0,42654.71922015876
2028,1,Chattogram,MR1,46141.90208950924,0.86,45634.34116652463,0,0.0,45634.34116652463
2028,2,Chattogram,MR1,48477.85846676812,0.86,47944.60202363367,0,0.0,47944.60202363367
2028,3,Chattogram,MR1,47660.06752367841,0.86,47135.80678091794,0,0.0,47135.80678091794
2028,4,Chattogram,MR1,49675.109994020866,0.86,49128.683784086636,0,0.0,49128.683784086636
2028,5,Chattogram,MR1,51812.77505585783,0.86,51242.83453024338,0,0.0,51242.83453024338
2028,6,Chattogram,MR1,48378.52290899365,0.86,47846.35915699472,0,0.0,47846.35915699472
2028,7,Chattogram,MR1,52254.85086879794,0.86,51680.04750924116,0,0.0,51680.04750924116
2028,8,Chattogram,MR1,48782.1592887497,0.86,48245.55553657345,0,0.0,48245.55553657345
2028,9,Chattogram,MR1,43774.47305661153,0.86,43292.9538529888,0,0.0,43292.9538529888
2020,4,Chattogram,MR2,48521.92277598188,0.8734000000000001,48735.90445542396,0,0.0,48735.90445542396
2020,5,Chattogram,MR2,45684.91656826131,0.8734000000000001,45886.38705032734,0,0.0,45886.38705032734
2020,6,Chattogram,MR2,47260.246824008624,0.8734000000000001,47468.6645125025,0,0.0,47468.6645125025
2020,7,Chattogram,MR2,49984.6222920862,0.8734000000000001,50205.054476394296,0,0.0,50205.054476394296
2020,8,Chattogram,MR2,53273.842066594385,0.8734000000000001,53508.779710108065,0,0.0,53508.779710108065
2020,9,Chattogram,MR2,53292.89796805167,0.8734000000000001,53527.91964809078,0,0.0,53527.91964809078
2020,10,Chattogram,MR2,54020.385780618904,0.8734000000000001,54258.61568191143,0,0.0,54258.61568191143
2020,11,Chattogram,MR2,56400.321093239756,0.8734000000000001,56649.046509260945,0,0.0,56649.046509260945
2020,12,Chattogram,MR2,56332.47996390635,0.8734000000000001,56580.90620054718,0,0.0,56580.90620054718
2021,1,Chattogram,MR2,53890.64726480375,0.8568,53099.53256295643,0,0.0,53099.53256295643
2021,2,Chattogram,MR2,49907.31312862391,0.8568,49174.6737718957,0,0.0,49174.6737718957
2021,3,Chattogram,MR2,52316.087883020715,0.8568,51548.08771289797,0,0.0,51548.08771289797
2021,4,Chattogram,MR2,50794.45794226299,0.8568,50048.795299670564,0,0.0,50048.795299670564
2021,5,Chattogram,MR2,50548.555604614376,0.8568,49806.502808338635,0,0.0,49806.502808338635
2021,6,Chattogram,MR2,48305.50744457103,0.8568,47596.38259528472,0,0.0,47596.38259528472
2021,7,Chattogram,MR2,48657.737206341386,0.8568,47943.44162415229,0,0.0,47943.44162415229
2021,8,Chattogram,MR2,49682.353416807,0.8568,48953.01646864827,0,0.0,48953.01646864827
2021,9,Chattogram,MR2,51402.13016731144,0.8568,50647.546896455315,0,0.0,50647.546896455315
2021,10,Chattogram,MR2,52618.918437402084,0.8568,51846.472714741016,0,0.0,51846.472714741016
2021,11,Chattogram,MR2,57348.559402141174,0.8568,56506.68255011774,0,0.0,56506.68255011774
2021,12,Chattogram,MR2,57237.99945924459,0.8568,56397.74562718288,0,0.0,56397.74562718288
2022,1,Chattogram,MR2,53723.23867091117,0.8402000000000001,51909.0049009945,0,0.0,51909.0049009945
2022,2,Chattogram,MR2,52135.37885966576,0.8402000000000001,50374.76711557485,0,0.0,50374.76711557485
2022,3,Chattogram,MR2,50111.79649080003,0.8402000000000001,48419.52112330571,0,0.0,48419.52112330571
2022,4,Chattogram,MR2,51538.90101385318,0.8402000000000001,49798.43232661536,0,0.0,49798.43232661536
2022,5,Chattogram,MR2,48570.81895206821,0.8402000000000001,46930.58239605687,0,0.0,46930.58239605687
2022,6,Chattogram,MR2,48606.94025890046,0.8402000000000001,46965.4838863574,0,0.0,46965.4838863574
2022,7,Chattogram,MR2,48378.79969789644,0.8402000000000001,46745.047632098474,0,0.0,46745.047632098474
2022,8,Chattogram,MR2,52540.795154025946,0.8402000000000001,50766.49250167449,0,0.0,50766.49250167449
2022,9,Chattogram,MR2,53245.034182603216,0.8402000000000001,51446.94937825671,0,0.0,51446.94937825671
2022,10,Chattogram,MR2,53631.86162121843,0.8402000000000001,51820.71365426988,0,0.0,51820.71365426988
2022,11,Chattogram,MR2,53834.94762126773,0.8402000000000001,52016.94144009752,0,0.0,52016.94144009752
2022,12,Chattogram,MR2,55064.23589240758,0.8402000000000001,53204.71664632098,0,0.0,53204.71664632098
2023,1,Chattogram,MR2,52437.48632607259,0.8236,49665.64079887639,0,0.0,49665.64079887639
2023,2,Chattogram,MR2,49039.21294223117,0.8236,46447.00014610482,0,0.0,46447.00014610482
2023,3,Chattogram,MR2,48838.32016651814,0.8236,46256.72656251599,0,0.0,46256.72656251599
2023,4,Chattogram,MR2,49911.61667259492,0.8236,47273.28861528155,0,0.0,47273.28861528155
2023,5,Chattogram,MR2,48294.67872780709,0.8236,45741.8220102552,0,0.0,45741.8220102552
2023,6,Chattogram,MR2,44170.21360541241,0.8236,41835.376114230305,0,0.0,41835.376114230305
2023,7,Chattogram,MR2,47853.956674252695,0.8236,45324.396524451695,0,0.0,45324.396524451695
2023,8,Chattogram,MR2,50944.07928176476,0.8236,48251.17525093067,0,0.0,48251.17525093067
2023,9,Chattogram,MR2,50550.29317144865,0.8236,47878.20467440587,0,0.0,47878.20467440587
2023,10,Chattogram,MR2,51909.85654092248,0.8236,49165.90152416932,0,0.0,49165.90152416932
2023,11,Chattogram,MR2,53330.68586842525,0.8236,50511.62581342029,0,0.0,50511.62581342029
2023,12,Chattogram,MR2,53936.540825083874,0.8236,51085.45527706994,0,0.0,51085.45527706994
2024,1,Chattogram,MR2,54196.40386298458,0.807,50296.97260504284,0,0.0,50296.97260504284
2024,2,Chattogram,MR2,52284.361409445744,0.807,48522.501606036116,0,0.0,48522.501606036116
2024,3,Chattogram,MR2,50348.96064856748,0.807,46726.352929903056,0,0.0,46726.352929903056
2024,4,Chattogram,MR2,47203.51976873774,0.807,43807.22652137706,0,0.0,43807.22652137706
2024,5,Chattogram,MR2,46095.14312871815,0.807,42778.597580606875,0,0.0,42778.597580606875
2024,6,Chattogram,MR2,46798.94167979755,0.807,43431.75782593612,0,0.0,43431.75782593612
2024,7,Chattogram,MR2,48432.875418877564,0.807,44948.130032489324,1,0.0,32861.70597170842
2024,8,Chattogram,MR2,50925.132046442406,0.807,47261.06879570088,1,0.0,34552.702093511165
2024,9,Chattogram,MR2,52841.17614070943,0.807,49039.25351738538,1,0.0,35852.73801147134
2024,10,Chattogram,MR2,53435.64821825145,0.807,49590.95332894826,1,0.0,36256.0873160836
2024,11,Chattogram,MR2,54716.762802413046,0.807,50779.89171877943,1,0.0,37125.323561437246
2024,12,Chattogram,MR2,55568.564477471686,0.807,51570.40626331759,1,0.0,37703.27099796453
2025,1,Chattogram,MR2,51666.41729281272,0.807,47949.018568594845,1,0.0,35055.66413317343
2025,2,Chattogram,MR2,49083.926040525665,0.807,45552.33756190984,1,0.0,33303.44381849666
2025,3,Chattogram,MR2,50620.702936701884,0.807,46978.54336040618,1,0.0,34346.14694255222
2025,4,Chattogram,MR2,47889.62636450853,0.807,44443.96774758214,1,0.0,32493.111488319028
2025,5,Chattogram,MR2,47766.55670523225,0.807,44329.75295029079,1,0.0,32409.608724500078
2025,6,Chattogram,MR2,45099.19162590488,0.807,41854.304788421025,1,0.0,30599.801518176457
2025,7,Chattogram,MR2,48016.02712979597,0.807,44561.27397780715,1,0.0,32578.87440756656
2025,8,Chattogram,MR2,50857.93168855714,0.807,47198.703503565455,1,0.0,34507.106650686015
2025,9,Chattogram,MR2,51790.96275059727,0.807,48064.602980691794,1,0.0,35140.16822628024
2025,10,Chattogram,MR2,49621.63660695251,0.807,46051.35985308228,1,0.0,33668.28043781727
2025,11,Chattogram,MR2,52847.23650321816,0.807,49044.87783681161,1,0.0,35856.84996743351
2025,12,Chattogram,MR2,51120.34240992317,0.807,47442.2337735292,1,0.0,34685.15232513287
2026,1,Chattogram,MR2,51842.34190925088,0.807,48112.28540888027,0,0.0,48112.28540888027
2026,2,Chattogram,MR2,50034.08114774177,0.807,46434.12900916175,0,0.0,46434.12900916175
2026,3,Chattogram,MR2,45914.2046507746,0.807,42610.677626151366,0,227700.0,270310.67762615136
2026,4,Chattogram,MR2,49217.957030671394,0.807,45676.72502231459,0,227700.0,273376.7250223146
2026,5,Chattogram,MR2,44741.65246700266,0.807,41522.49057200182,0,227700.0,269222.49057200184
2026,6,Chattogram,MR2,44528.843962658226,0.807,41324.99363954496,0,227700.0,269024.99363954493
2026,7,Chattogram,MR2,46791.43797153515,0.807,43424.7940094832,0,0.0,43424.7940094832
2026,8,Chattogram,MR2,50937.32370519043,0.807,47272.38326460197,0,0.0,47272.38326460197
2026,9,Chattogram,MR2,51718.71622612401,0.807,47997.55459365438,0,0.0,47997.55459365438
2026,10,Chattogram,MR2,52193.877767948405,0.807,48438.52826254451,0,0.0,48438.52826254451
2026,11,Chattogram,MR2,51946.263199774425,0.807,48208.72956255065,0,0.0,48208.72956255065
2026,12,Chattogram,MR2,52983.787565558574,0.807,49171.604050216636,0,0.0,49171.604050216636
2027,1,Chattogram,MR2,52856.36306333106,0.807,49053.347740924386,0,0.0,49053.347740924386
2027,2,Chattogram,MR2,50084.98490381964,0.807,46481.37023998982,0,0.0,46481.37023998982
2027,3,Chattogram,MR2,45631.51059850357,0.807,42348.323410941244,0,0.0,42348.323410941244
2027,4,Chattogram,MR2,46388.53514818111,0.807,43050.88004426948,0,0.0,43050.88004426948
2027,5,Chattogram,MR2,48716.82756224564,0.807,45211.65181914207,0,0.0,45211.65181914207
2027,6,Chattogram,MR2,46359.82960417854,0.807,43024.2398641579,0,0.0,43024.2398641579
2027,7,Chattogram,MR2,45287.11990845007,0.807,42028.711631037084,0,0.0,42028.711631037084
2027,8,Chattogram,MR2,47033.85833761772,0.807,43649.77223022612,0,0.0,43649.77223022612
2027,9,Chattogram,MR2,49983.83053227589,0.807,46387.49392547864,0,0.0,46387.49392547864
2027,10,Chattogram,MR2,53497.178213291256,0.807,49648.05624084495,0,0.0,49648.05624084495
2027,11,Chattogram,MR2,53349.8999079226,0.807,49511.374609547565,0,0.0,49511.374609547565
2027,12,Chattogram,MR2,51504.68015800492,0.807,47798.918420636466,0,0.0,47798.918420636466
2028,1,Chattogram,MR2,51331.089427735336,0.807,47637.81754340978,0,0.0,47637.81754340978
2028,2,Chattogram,MR2,49971.964873872574,0.807,46376.48200119744,0,0.0,46376.48200119744
2028,3,Chattogram,MR2,48966.85506732159,0.807,45443.6898452278,0,0.0,45443.6898452278
2028,4,Chattogram,MR2,47877.88490710159,0.807,44433.07108803562,0,0.0,44433.07108803562
2028,5,Chattogram,MR2,43822.75852189327,0.807,40669.71104624305,0,0.0,40669.71104624305
2028,6,Chattogram,MR2,43129.13975749117,0.807,40025.998151939675,0,0.0,40025.998151939675
2028,7,Chattogram,MR2,46141.90208950924,0.807,42821.992234169054,0,0.0,42821.992234169054
2028,8,Chattogram,MR2,48477.85846676812,0.807,44989.876550084155,0,0.0,44989.876550084155
2028,9,Chattogram,MR2,47660.06752367841,0.807,44230.92566534975,0,0.0,44230.92566534975
2028,10,Chattogram,MR2,49675.109994020866,0.807,46100.98582995106,0,0.0,46100.98582995106
2028,11,Chattogram,MR2,51812.77505585783,0.807,48084.845890588855,0,0.0,48084.845890588855
2028,12,Chattogram,MR2,48378.52290899365,0.807,44897.68818569155,0,0.0,44897.68818569155
2020,1,Dhaka,MR1,61452.67896738012,0.8808,62246.647579638666,0,0.0,62246.647579638666
2020,2,Dhaka,MR1,69719.4728203638,0.8808,70620.24840920289,0,0.0,70620.24840920289
2020,3,Dhaka,MR1,70793.4145557048,0.8808,71708.06547176451,0,0.0,71708.06547176451
2020,4,Dhaka,MR1,72277.52476199648,0.8808,73211.35038192147,0,0.0,73211.35038192147
2020,5,Dhaka,MR1,74588.54776771719,0.8808,75552.2318048761,0,0.0,75552.2318048761
2020,6,Dhaka,MR1,72372.37717767454,0.8808,73307.42829081009,0,0.0,73307.42829081009
2020,7,Dhaka,MR1,74211.27028404587,0.8808,75170.07989611573,0,0.0,75170.07989611573
2020,8,Dhaka,MR1,71493.70216901715,0.8808,72417.40080104084,0,0.0,72417.40080104084
2020,9,Dhaka,MR1,70310.72284655039,0.8808,71219.13738572781,0,0.0,71219.13738572781
2020,10,Dhaka,MR1,65844.72932501795,0.8808,66695.44322789718,0,0.0,66695.44322789718
2020,11,Dhaka,MR1,62594.958099530195,0.8808,63403.68495817612,0,0.0,63403.68495817612
2020,12,Dhaka,MR1,62337.18879894942,0.8808,63142.58527823185,0,0.0,63142.58527823185
2021,1,Dhaka,MR1,67163.3893665134,0.8756,67629.503288717,0,0.0,67629.503288717
2021,2,Dhaka,MR1,69390.34707132466,0.8756,69871.91607999966,0,0.0,69871.91607999966
2021,3,Dhaka,MR1,70825.1843001464,0.8756,71316.71107918941,0,0.0,71316.71107918941
2021,4,Dhaka,MR1,72096.62815051794,0.8756,72596.97874988253,0,0.0,72596.97874988253
2021,5,Dhaka,MR1,76166.93000227974,0.8756,76695.52849649555,0,0.0,76695.52849649555
2021,6,Dhaka,MR1,75435.03106439034,0.8756,75958.5501799772,0,0.0,75958.5501799772
2021,7,Dhaka,MR1,69949.7753654861,0.8756,70435.22680652258,0,0.0,70435.22680652258
2021,8,Dhaka,MR1,70203.36248955659,0.8756,70690.57382523411,0,0.0,70690.57382523411
2021,9,Dhaka,MR1,69705.44077999439,0.8756,70189.19653900755,0,0.0,70189.19653900755
2021,10,Dhaka,MR1,62770.72469495851,0.8756,63206.35352434152,0,0.0,63206.35352434152
2021,11,Dhaka,MR1,63693.10620300788,0.8756,64135.13636005675,0,0.0,64135.13636005675
2021,12,Dhaka,MR1,64901.1061754284,0.8756,65351.51985228588,0,0.0,65351.51985228588
2022,1,Dhaka,MR1,68586.52008256497,0.8704,68652.36314184422,0,0.0,68652.36314184422
2022,2,Dhaka,MR1,65219.92992718253,0.8704,65282.54105991262,0,0.0,65282.54105991262
2022,3,Dhaka,MR1,71105.4387809749,0.8704,71173.70000220463,0,0.0,71173.70000220463
2022,4,Dhaka,MR1,72682.67915124919,0.8704,72752.45452323438,0,0.0,72752.45452323438
2022,5,Dhaka,MR1,68966.14786208897,0.8704,69032.35536403656,0,0.0,69032.35536403656
2022,6,Dhaka,MR1,73343.67918016193,0.8704,73414.08911217487,0,0.0,73414.08911217487
2022,7,Dhaka,MR1,70105.85312086072,0.8704,70173.15473985673,0,0.0,70173.15473985673
2022,8,Dhaka,MR1,69888.91321816412,0.8704,69956.00657485354,0,0.0,69956.00657485354
2022,9,Dhaka,MR1,68301.92098346188,0.8704,68367.49082760599,0,0.0,68367.49082760599
2022,10,Dhaka,MR1,64889.95802059777,0.8704,64952.252380297534,0,0.0,64952.252380297534
2022,11,Dhaka,MR1,65178.62302186324,0.8704,65241.19449996422,0,0.0,65241.19449996422
2022,12,Dhaka,MR1,63437.71104466887,0.8704,63498.61124727174,0,0.0,63498.61124727174
2023,1,Dhaka,MR1,69684.13377527824,0.8652,69334.31942372634,0,0.0,69334.31942372634
2023,2,Dhaka,MR1,67930.2293100321,0.8652,67589.21955889573,0,0.0,67589.21955889573
2023,3,Dhaka,MR1,69100.48962864911,0.8652,68753.60517071329,0,0.0,68753.60517071329
2023,4,Dhaka,MR1,67590.83544448468,0.8652,67251.52945055335,0,0.0,67251.52945055335
2023,5,Dhaka,MR1,72030.91657514605,0.8652,71669.3213739388,0,0.0,71669.3213739388
2023,6,Dhaka,MR1,72990.6543346827,0.8652,72624.24124992258,0,0.0,72624.24124992258
2023,7,Dhaka,MR1,69405.70183581852,0.8652,69057.2852126027,0,0.0,69057.2852126027
2023,8,Dhaka,MR1,68037.5921422779,0.8652,67696.04342972366,0,0.0,67696.04342972366
2023,9,Dhaka,MR1,65827.632325821,0.8652,65497.177611545376,0,0.0,65497.177611545376
2023,10,Dhaka,MR1,65436.78345184192,0.8652,65108.290798913666,0,0.0,65108.290798913666
2023,11,Dhaka,MR1,60712.04730425122,0.8652,60407.27282678387,0,0.0,60407.27282678387
2023,12,Dhaka,MR1,62969.52452555127,0.8652,62653.41751243299,0,0.0,62653.41751243299
2024,1,Dhaka,MR1,63207.54116787472,0.86,62512.258215028094,0,0.0,62512.258215028094
2024,2,Dhaka,MR1,63189.076395601514,0.86,62493.9965552499,0,0.0,62493.9965552499
2024,3,Dhaka,MR1,69198.395331465,0.86,68437.21298281888,0,0.0,68437.21298281888
2024,4,Dhaka,MR1,74986.10390019882,0.86,74161.25675729664,0,0.0,74161.25675729664
2024,5,Dhaka,MR1,75160.1577698637,0.86,74333.39603439519,0,0.0,74333.39603439519
2024,6,Dhaka,MR1,69407.29740920602,0.86,68643.81713770474,0,0.0,68643.81713770474
2024,7,Dhaka,MR1,75893.23815125506,0.86,75058.41253159125,1,0.0,51493.56208562656
2024,8,Dhaka,MR1,69012.39498412507,0.86,68253.25863929969,1,0.0,46824.90999672886
2024,9,Dhaka,MR1,67598.56255079078,0.86,66854.97836273209,1,0.0,45865.62469071155
2024,10,Dhaka,MR1,64981.95315992761,0.86,64267.1516751684,1,0.0,44090.25521901088
2024,11,Dhaka,MR1,63468.71770052707,0.86,62770.56180582127,1,0.0,43063.52495980762
2024,12,Dhaka,MR1,62489.94593714855,0.86,61802.55653183991,1,0.0,42399.42831835528
2025,1,Dhaka,MR1,61709.06678300195,0.86,61030.26704838892,1,0.0,41869.60181226682
2025,2,Dhaka,MR1,64271.41681606016,0.86,63564.431231083494,1,0.0,43608.15630969682
2025,3,Dhaka,MR1,69498.66220030138,0.86,68734.17691609806,1,0.0,47154.842302904486
2025,4,Dhaka,MR1,69088.90384544914,0.86,68328.9259031492,1,0.0,46876.821259137236
2025,5,Dhaka,MR1,73758.22691938073,0.86,72946.88642326754,1,0.0,50044.95696479982
2025,6,Dhaka,MR1,70787.1730274948,0.86,70008.51412419236,1,0.0,48029.09689915522
2025,7,Dhaka,MR1,69753.81226661909,0.86,68986.52033168628,1,0.0,47327.96162290105
2025,8,Dhaka,MR1,66188.62406957915,0.86,65460.549204813775,1,0.0,44908.98143120945
2025,9,Dhaka,MR1,64833.46200470282,0.86,64120.293922651086,1,0.0,43989.50397019086
2025,10,Dhaka,MR1,67485.66363536846,0.86,66743.3213353794,1,0.0,45789.02277659749
2025,11,Dhaka,MR1,60410.507626755825,0.86,59745.99204286151,1,0.0,40988.529424753826
2025,12,Dhaka,MR1,63957.22352322546,0.86,63253.69406446998,1,0.0,43394.97616050847
2026,1,Dhaka,MR1,62638.765868514274,0.86,61949.739443960614,0,0.0,61949.739443960614
2026,2,Dhaka,MR1,68131.4240044185,0.86,67381.9783403699,0,0.0,67381.9783403699
2026,3,Dhaka,MR1,68385.9561033584,0.86,67633.71058622145,0,1179900.0,1247533.7105862214
2026,4,Dhaka,MR1,71455.62992271122,0.86,70669.61799356139,0,1179900.0,1250569.6179935613
2026,5,Dhaka,MR1,75751.89255429599,0.86,74918.62173619874,0,1179900.0,1254818.6217361987
2026,6,Dhaka,MR1,68218.76876112734,0.86,67468.36230475493,0,1179900.0,1247368.362304755
2026,7,Dhaka,MR1,67647.7442814888,0.86,66903.61909439243,0,0.0,66903.61909439243
2026,8,Dhaka,MR1,68238.48745820475,0.86,67487.86409616449,0,0.0,67487.86409616449
2026,9,Dhaka,MR1,62777.20500441772,0.86,62086.65574936912,0,0.0,62086.65574936912
2026,10,Dhaka,MR1,63625.65095376035,0.86,62925.76879326898,0,0.0,62925.76879326898
2026,11,Dhaka,MR1,64680.559579928144,0.86,63969.07342454892,0,0.0,63969.07342454892
2026,12,Dhaka,MR1,62661.98201771409,0.86,61972.700215519224,0,0.0,61972.700215519224
2027,1,Dhaka,MR1,63239.15887310825,0.86,62543.52812550405,0,0.0,62543.52812550405
2027,2,Dhaka,MR1,64823.54744608215,0.86,64110.48842417524,0,0.0,64110.48842417524
2027,3,Dhaka,MR1,66002.72710752753,0.86,65276.69710934472,0,0.0,65276.69710934472
2027,4,Dhaka,MR1,71206.28642093028,0.86,70423.01727030004,0,0.0,70423.01727030004
2027,5,Dhaka,MR1,72899.6246939628,0.86,72097.72882232921,0,0.0,72097.72882232921
2027,6,Dhaka,MR1,68461.46166860708,0.86,67708.3855902524,0,0.0,67708.3855902524
2027,7,Dhaka,MR1,70374.74081693566,0.86,69600.61866794937,0,0.0,69600.61866794937
2027,8,Dhaka,MR1,71741.58820153723,0.86,70952.43073132032,0,0.0,70952.43073132032
2027,9,Dhaka,MR1,65397.68382288361,0.86,64678.30930083188,0,0.0,64678.30930083188
2027,10,Dhaka,MR1,67907.48645839254,0.86,67160.5041073502,0,0.0,67160.5041073502
2027,11,Dhaka,MR1,59763.4859768415,0.86,59106.087631096234,0,0.0,59106.087631096234
2027,12,Dhaka,MR1,63992.28794030284,0.86,63288.372772959505,0,0.0,63288.372772959505
2028,1,Dhaka,MR1,64468.814512186895,0.86,63759.65755255283,0,0.0,63759.65755255283
2028,2,Dhaka,MR1,68264.81012972811,0.86,67513.89721830109,0,0.0,67513.89721830109
2028,3,Dhaka,MR1,69430.33632302188,0.86,68666.60262346864,0,0.0,68666.60262346864
2028,4,Dhaka,MR1,72027.78786660028,0.86,71235.48220006766,0,0.0,71235.48220006766
2028,5,Dhaka,MR1,72874.12850934414,0.86,72072.51309574135,0,0.0,72072.51309574135
2028,6,Dhaka,MR1,72037.87107351064,0.86,71245.45449170202,0,0.0,71245.45449170202
2028,7,Dhaka,MR1,73014.29551686923,0.86,72211.13826618365,0,0.0,72211.13826618365
2028,8,Dhaka,MR1,67542.24159968743,0.86,66799.27694209087,0,0.0,66799.27694209087
2028,9,Dhaka,MR1,67203.9160736813,0.86,66464.67299687081,0,0.0,66464.67299687081
2020,4,Dhaka,MR2,66160.92464827075,0.8734000000000001,66452.69432596963,0,0.0,66452.69432596963
2020,5,Dhaka,MR2,64137.02393057911,0.8734000000000001,64419.868206112966,0,0.0,64419.868206112966
2020,6,Dhaka,MR2,63482.607119707376,0.8734000000000001,63762.56541710529,0,0.0,63762.56541710529
2020,7,Dhaka,MR2,61452.67896738012,0.8734000000000001,61723.68528162626,0,0.0,61723.68528162626
2020,8,Dhaka,MR2,69719.4728203638,0.8734000000000001,70026.9356955016,0,0.0,70026.9356955016
2020,9,Dhaka,MR2,70793.4145557048,0.8734000000000001,71105.61351389546,0,0.0,71105.61351389546
2020,10,Dhaka,MR2,72277.52476199648,0.8734000000000001,72596.26864619688,0,0.0,72596.26864619688
2020,11,Dhaka,MR2,74588.54776771719,0.8734000000000001,74917.48326337282,0,0.0,74917.48326337282
2020,12,Dhaka,MR2,72372.37717767454,0.8734000000000001,72691.53936102809,0,0.0,72691.53936102809
2021,1,Dhaka,MR2,74211.27028404587,0.8568,73121.84883627607,0,0.0,73121.84883627607
2021,2,Dhaka,MR2,71493.70216901715,0.8568,70444.17462117597,0,0.0,70444.17462117597
2021,3,Dhaka,MR2,70310.72284655039,0.8568,69278.56143516302,0,0.0,69278.56143516302
2021,4,Dhaka,MR2,65844.72932501795,0.8568,64878.12869852668,0,0.0,64878.12869852668
2021,5,Dhaka,MR2,62594.958099530195,0.8568,61676.06411462909,0,0.0,61676.06411462909
2021,6,Dhaka,MR2,62337.18879894942,0.8568,61422.07886738084,0,0.0,61422.07886738084
2021,7,Dhaka,MR2,67163.3893665134,0.8568,66177.43081061298,0,0.0,66177.43081061298
2021,8,Dhaka,MR2,69390.34707132466,0.8568,68371.6967763176,0,0.0,68371.6967763176
2021,9,Dhaka,MR2,70825.1843001464,0.8568,69785.47059462024,0,0.0,69785.47059462024
2021,10,Dhaka,MR2,72096.62815051794,0.8568,71038.24964926833,0,0.0,71038.24964926833
2021,11,Dhaka,MR2,76166.93000227974,0.8568,75048.79946984627,0,0.0,75048.79946984627
2021,12,Dhaka,MR2,75435.03106439034,0.8568,74327.64480836508,0,0.0,74327.64480836508
2022,1,Dhaka,MR2,69949.7753654861,0.8402000000000001,67587.57145139364,0,0.0,67587.57145139364
2022,2,Dhaka,MR2,70203.36248955659,0.8402000000000001,67832.59493828427,0,0.0,67832.59493828427
2022,3,Dhaka,MR2,69705.44077999439,0.8402000000000001,67351.48804485398,0,0.0,67351.48804485398
2022,4,Dhaka,MR2,62770.72469495851,0.8402000000000001,60650.95732200976,0,0.0,60650.95732200976
2022,5,Dhaka,MR2,63693.10620300788,0.8402000000000001,61542.190006532306,0,0.0,61542.190006532306
2022,6,Dhaka,MR2,64901.1061754284,0.8402000000000001,62709.39581988419,0,0.0,62709.39581988419
2022,7,Dhaka,MR2,68586.52008256497,0.8402000000000001,66270.35329937674,0,0.0,66270.35329937674
2022,8,Dhaka,MR2,65219.92992718253,0.8402000000000001,63017.45289354157,0,0.0,63017.45289354157
2022,9,Dhaka,MR2,71105.4387809749,0.8402000000000001,68704.20811334137,0,0.0,68704.20811334137
2022,10,Dhaka,MR2,72682.67915124919,0.8402000000000001,70228.1850763115,0,0.0,70228.1850763115
2022,11,Dhaka,MR2,68966.14786208897,0.8402000000000001,66637.16104878622,0,0.0,66637.16104878622
2022,12,Dhaka,MR2,73343.67918016193,0.8402000000000001,70866.86313424786,0,0.0,70866.86313424786
2023,1,Dhaka,MR2,70105.85312086072,0.8236,66400.05772489202,0,0.0,66400.05772489202
2023,2,Dhaka,MR2,69888.91321816412,0.8236,66194.58526545195,0,0.0,66194.58526545195
2023,3,Dhaka,MR2,68301.92098346188,0.8236,64691.481440276075,0,0.0,64691.481440276075
2023,4,Dhaka,MR2,64889.95802059777,0.8236,61459.87483962897,0,0.0,61459.87483962897
2023,5,Dhaka,MR2,65178.62302186324,0.8236,61733.281008927544,0,0.0,61733.281008927544
2023,6,Dhaka,MR2,63437.71104466887,0.8236,60084.393638847665,0,0.0,60084.393638847665
2023,7,Dhaka,MR2,69684.13377527824,0.8236,66000.63046391703,0,0.0,66000.63046391703
2023,8,Dhaka,MR2,67930.2293100321,0.8236,64339.437388703795,0,0.0,64339.437388703795
2023,9,Dhaka,MR2,69100.48962864911,0.8236,65447.837746878715,0,0.0,65447.837746878715
2023,10,Dhaka,MR2,67590.83544448468,0.8236,64017.98388288921,0,0.0,64017.98388288921
2023,11,Dhaka,MR2,72030.91657514605,0.8236,68223.36232498383,0,0.0,68223.36232498383
2023,12,Dhaka,MR2,72990.6543346827,0.8236,69132.36834655136,0,0.0,69132.36834655136
2024,1,Dhaka,MR2,69405.70183581852,0.807,64411.96158873137,0,0.0,64411.96158873137
2024,2,Dhaka,MR2,68037.5921422779,0.807,63142.28738764101,0,0.0,63142.28738764101
2024,3,Dhaka,MR2,65827.632325821,0.807,61091.33417997818,0,0.0,61091.33417997818
2024,4,Dhaka,MR2,65436.78345184192,0.807,60728.606882481894,0,0.0,60728.606882481894
2024,5,Dhaka,MR2,60712.04730425122,0.807,56343.81550071034,0,0.0,56343.81550071034
2024,6,Dhaka,MR2,62969.52452555127,0.807,58438.867235937854,0,0.0,58438.867235937854
2024,7,Dhaka,MR2,63207.54116787472,0.807,58659.75858084613,1,0.0,42886.31668240299
2024,8,Dhaka,MR2,63189.076395601514,0.807,58642.62234893799,1,0.0,42873.78833441562
2024,9,Dhaka,MR2,69198.395331465,0.807,64219.57078736609,1,0.0,46951.11123239899
2024,10,Dhaka,MR2,74986.10390019882,0.807,69590.85372457952,1,0.0,50878.071496284894
2024,11,Dhaka,MR2,75160.1577698637,0.807,69752.384418322,1,0.0,50996.16704685251
2024,12,Dhaka,MR2,69407.29740920602,0.807,64413.44236061364,1,0.0,47092.851292146275
2025,1,Dhaka,MR2,75893.23815125506,0.807,70432.71966627226,1,0.0,51493.562085626545
2025,2,Dhaka,MR2,69012.39498412507,0.807,64046.95316501727,1,0.0,46824.90999672885
2025,3,Dhaka,MR2,67598.56255079078,0.807,62734.845975261385,1,0.0,45865.624690711535
2025,4,Dhaka,MR2,64981.95315992761,0.807,60306.501630070816,1,0.0,44090.255219010876
2025,5,Dhaka,MR2,63468.71770052707,0.807,58902.14346197415,1,0.0,43063.52495980761
2025,6,Dhaka,MR2,62489.94593714855,0.807,57993.79432697071,1,0.0,42399.42831835528
2025,7,Dhaka,MR2,61709.06678300195,0.807,57269.09942796496,1,0.0,41869.60181226682
2025,8,Dhaka,MR2,64271.41681606016,0.807,59647.08837614463,1,0.0,43608.15630969681
2025,9,Dhaka,MR2,69498.66220030138,0.807,64498.2334549897,1,0.0,47154.84230290448
2025,10,Dhaka,MR2,69088.90384544914,0.807,64117.95721376907,1,0.0,46876.82125913723
2025,11,Dhaka,MR2,73758.22691938073,0.807,68451.32249253128,1,0.0,50044.956964799814
2025,12,Dhaka,MR2,70787.1730274948,0.807,65694.03592816656,1,0.0,48029.09689915522
2026,1,Dhaka,MR2,69753.81226661909,0.807,64735.02547403584,0,0.0,64735.02547403584
2026,2,Dhaka,MR2,66188.62406957915,0.807,61426.35256777293,0,0.0,61426.35256777293
2026,3,Dhaka,MR2,64833.46200470282,0.807,60168.69441346445,0,786600.0,846768.6944134644
2026,4,Dhaka,MR2,67485.66363536846,0.807,62630.0701368037,0,786600.0,849230.0701368037
2026,5,Dhaka,MR2,60410.507626755825,0.807,56063.971603010745,0,786600.0,842663.9716030108
2026,6,Dhaka,MR2,63957.22352322546,0.807,59355.501290729386,0,786600.0,845955.5012907294
2026,7,Dhaka,MR2,62638.765868514274,0.807,58131.90666427467,0,0.0,58131.90666427467
2026,8,Dhaka,MR2,68131.4240044185,0.807,63229.36804730059,0,0.0,63229.36804730059
2026,9,Dhaka,MR2,68385.9561033584,0.807,63465.586561721764,0,0.0,63465.586561721764
2026,10,Dhaka,MR2,71455.62992271122,0.807,66314.39734977215,0,0.0,66314.39734977215
2026,11,Dhaka,MR2,75751.89255429599,0.807,70301.5438850144,0,0.0,70301.5438850144
2026,12,Dhaka,MR2,68218.76876112734,0.807,63310.42834876423,0,0.0,63310.42834876423
2027,1,Dhaka,MR2,67647.7442814888,0.807,62780.489080435684,0,0.0,62780.489080435684
2027,2,Dhaka,MR2,68238.48745820475,0.807,63328.72828558692,0,0.0,63328.72828558692
2027,3,Dhaka,MR2,62777.20500441772,0.807,58260.385104349865,0,0.0,58260.385104349865
2027,4,Dhaka,MR2,63625.65095376035,0.807,59047.78536763729,0,0.0,59047.78536763729
2027,5,Dhaka,MR2,64680.559579928144,0.807,60026.79331815232,0,0.0,60026.79331815232
2027,6,Dhaka,MR2,62661.98201771409,0.807,58153.452411539554,0,0.0,58153.452411539554
2027,7,Dhaka,MR2,63239.15887310825,0.807,58689.10139218811,0,0.0,58689.10139218811
2027,8,Dhaka,MR2,64823.54744608215,0.807,60159.493207336534,0,0.0,60159.493207336534
2027,9,Dhaka,MR2,66002.72710752753,0.807,61253.83089214093,0,0.0,61253.83089214093
2027,10,Dhaka,MR2,71206.28642093028,0.807,66082.99411294435,0,0.0,66082.99411294435
2027,11,Dhaka,MR2,72899.6246939628,0.807,67654.49669723219,0,0.0,67654.49669723219
2027,12,Dhaka,MR2,68461.46166860708,0.807,63535.6595015508,0,0.0,63535.6595015508
2028,1,Dhaka,MR2,70374.74081693566,0.807,65311.278215157145,0,0.0,65311.278215157145
2028,2,Dhaka,MR2,71741.58820153723,0.807,66579.78093043662,0,0.0,66579.78093043662
2028,3,Dhaka,MR2,65397.68382288361,0.807,60692.32047182714,0,0.0,60692.32047182714
2028,4,Dhaka,MR2,67907.48645839254,0.807,63021.54280771119,0,0.0,63021.54280771119
2028,5,Dhaka,MR2,59763.4859768415,0.807,55463.50316080775,0,0.0,55463.50316080775
2028,6,Dhaka,MR2,63992.28794030284,0.807,59388.042822998046,0,0.0,59388.042822998046
2028,7,Dhaka,MR2,64468.814512186895,0.807,59830.28330803505,0,0.0,59830.28330803505
2028,8,Dhaka,MR2,68264.81012972811,0.807,63353.15704089418,0,0.0,63353.15704089418
2028,9,Dhaka,MR2,69430.33632302188,0.807,64434.82362458046,0,0.0,64434.82362458046
2028,10,Dhaka,MR2,72027.78786660028,0.807,66845.38852959838,0,0.0,66845.38852959838
2028,11,Dhaka,MR2,72874.12850934414,0.807,67630.83496309683,0,0.0,67630.83496309683
2028,12,Dhaka,MR2,72037.87107351064,0.807,66854.74624977155,0,0.0,66854.74624977155
2020,1,Khulna,MR1,25813.105197463243,0.8808,26146.610516614466,0,0.0,26146.610516614466
2020,2,Khulna,MR1,27561.159505655098,0.8808,27917.24968646816,0,0.0,27917.24968646816
2020,3,Khulna,MR1,28656.028278183778,0.8808,29026.264163537908,0,0.0,29026.264163537908
2020,4,Khulna,MR1,27751.93817152026,0.8808,28110.493212696303,0,0.0,28110.493212696303
2020,5,Khulna,MR1,27146.277436455108,0.8808,27497.00734093411,0,0.0,27497.00734093411
2020,6,Khulna,MR1,28295.722325514595,0.8808,28661.303057960242,0,0.0,28661.303057960242
2020,7,Khulna,MR1,27932.537911177227,0.8808,28293.426300989635,0,0.0,28293.426300989635
2020,8,Khulna,MR1,27186.457501279794,0.8808,27537.706532196327,0,0.0,27537.706532196327
2020,9,Khulna,MR1,27090.232092669477,0.8808,27440.237891306766,0,0.0,27440.237891306766
2020,10,Khulna,MR1,25654.360125629824,0.8808,25985.81445845296,0,0.0,25985.81445845296
2020,11,Khulna,MR1,25239.390480878934,0.8808,25565.48340589189,0,0.0,25565.48340589189
2020,12,Khulna,MR1,23856.411808480516,0.8808,24164.636649046086,0,0.0,24164.636649046086
2021,1,Khulna,MR1,24251.862515591576,0.8756,24420.17044144978,0,0.0,24420.17044144978
2021,2,Khulna,MR1,27039.71661113638,0.8756,27227.372244417667,0,0.0,27227.372244417667
2021,3,Khulna,MR1,29467.019941686878,0.8756,29671.52106008218,0,0.0,29671.52106008218
2021,4,Khulna,MR1,27446.471593250884,0.8756,27636.950106108045,0,0.0,27636.950106108045
2021,5,Khulna,MR1,29199.76432987022,0.8756,29402.41069431952,0,0.0,29402.41069431952
2021,6,Khulna,MR1,28646.839010466618,0.8756,28845.648073199256,0,0.0,28845.648073199256
2021,7,Khulna,MR1,28620.366334836795,0.8756,28818.99167720056,0,0.0,28818.99167720056
2021,8,Khulna,MR1,26943.760226494986,0.8756,27130.74992246686,0,0.0,27130.74992246686
2021,9,Khulna,MR1,27069.68955649495,0.8756,27257.55320201702,0,0.0,27257.55320201702
2021,10,Khulna,MR1,25323.660236286436,0.8756,25499.406438326263,0,0.0,25499.406438326263
2021,11,Khulna,MR1,24170.018364062144,0.8756,24337.758291508737,0,0.0,24337.758291508737
2021,12,Khulna,MR1,26171.313738908808,0.8756,26352.942656256833,0,0.0,26352.942656256833
2022,1,Khulna,MR1,25112.550506822023,0.8704,25136.658555308568,0,0.0,25136.658555308568
2022,2,Khulna,MR1,26593.066181227125,0.8704,26618.5955247611,0,0.0,26618.5955247611
2022,3,Khulna,MR1,27826.904638265783,0.8704,27853.61846671851,0,0.0,27853.61846671851
2022,4,Khulna,MR1,28409.608620521936,0.8704,28436.881844797634,0,0.0,28436.881844797634
2022,5,Khulna,MR1,29923.137118872197,0.8704,29951.863330506312,0,0.0,29951.863330506312
2022,6,Khulna,MR1,29370.366007004497,0.8704,29398.561558371217,0,0.0,29398.561558371217
2022,7,Khulna,MR1,28174.815696338344,0.8704,28201.863519406827,0,0.0,28201.863519406827
2022,8,Khulna,MR1,26915.029244291898,0.8704,26940.867672366418,0,0.0,26940.867672366418
2022,9,Khulna,MR1,25747.31973480221,0.8704,25772.03716174762,0,0.0,25772.03716174762
2022,10,Khulna,MR1,25684.85143795396,0.8704,25709.50889533439,0,0.0,25709.50889533439
2022,11,Khulna,MR1,28082.46174926805,0.8704,28109.420912547346,0,0.0,28109.420912547346
2022,12,Khulna,MR1,25441.220620977063,0.8704,25465.644192773198,0,0.0,25465.644192773198
2023,1,Khulna,MR1,26223.78401079334,0.8652,26092.140615059157,0,0.0,26092.140615059157
2023,2,Khulna,MR1,27886.174573890105,0.8652,27746.185977529174,0,0.0,27746.185977529174
2023,3,Khulna,MR1,28294.225912301597,0.8652,28152.18889822184,0,0.0,28152.18889822184
2023,4,Khulna,MR1,27526.09230687239,0.8652,27387.911323491888,0,0.0,27387.911323491888
2023,5,Khulna,MR1,30085.380181077922,0.8652,29934.35157256891,0,0.0,29934.35157256891
2023,6,Khulna,MR1,28670.414042129316,0.8652,28526.488563637824,0,0.0,28526.488563637824
2023,7,Khulna,MR1,28144.64391951692,0.8652,28003.357807040942,0,0.0,28003.357807040942
2023,8,Khulna,MR1,26537.91213998053,0.8652,26404.691821037824,0,0.0,26404.691821037824
2023,9,Khulna,MR1,26936.78785101329,0.8652,26801.5651760012,0,0.0,26801.5651760012
2023,10,Khulna,MR1,26438.624593476197,0.8652,26305.902698016944,0,0.0,26305.902698016944
2023,11,Khulna,MR1,25590.427639082245,0.8652,25461.963692334048,0,0.0,25461.963692334048
2023,12,Khulna,MR1,24517.009077246297,0.8652,24393.933691678518,0,0.0,24393.933691678518
2024,1,Khulna,MR1,24944.940290724295,0.86,24670.545947526323,0,0.0,24670.545947526323
2024,2,Khulna,MR1,27332.707518297688,0.86,27032.04773559641,0,0.0,27032.04773559641
2024,3,Khulna,MR1,28109.41473671758,0.86,27800.211174613683,0,0.0,27800.211174613683
2024,4,Khulna,MR1,29333.558662088657,0.86,29010.88951680568,0,0.0,29010.88951680568
2024,5,Khulna,MR1,29098.72230774299,0.86,28778.636362357815,0,0.0,28778.636362357815
2024,6,Khulna,MR1,28513.545659270898,0.86,28199.896657018915,0,0.0,28199.896657018915
2024,7,Khulna,MR1,28915.670739895675,0.86,28597.59836175682,1,0.0,19619.282597019213
2024,8,Khulna,MR1,28111.972261831415,0.86,27802.740566951266,1,0.0,19073.973179652614
2024,9,Khulna,MR1,25532.811638668816,0.86,25251.950710643458,1,0.0,17324.01269683679
2024,10,Khulna,MR1,27538.696638884878,0.86,27235.770975857144,1,0.0,18685.005669483387
2024,11,Khulna,MR1,26251.69976430662,0.86,25962.931066899248,1,0.0,17811.778290082042
2024,12,Khulna,MR1,24044.632585954976,0.86,23780.14162750947,1,0.0,16314.28320957045
2025,1,Khulna,MR1,25103.853514206316,0.86,24827.711125550042,1,0.0,17032.964609388982
2025,2,Khulna,MR1,26796.603141605454,0.86,26501.840507047793,1,0.0,18181.495231579298
2025,3,Khulna,MR1,28153.602595978173,0.86,27843.912967422413,1,0.0,19102.21936137119
2025,4,Khulna,MR1,28370.25893240535,0.86,28058.18608414889,1,0.0,19249.22068563703
2025,5,Khulna,MR1,28479.445910676575,0.86,28166.172005659133,1,0.0,19323.304050394057
2025,6,Khulna,MR1,29186.186692772033,0.86,28865.13863915154,1,0.0,19802.827671045823
2025,7,Khulna,MR1,28536.874760705297,0.86,28222.969138337536,1,0.0,19362.26952513854
2025,8,Khulna,MR1,27501.199847208147,0.86,27198.686648888855,1,0.0,18659.564096330727
2025,9,Khulna,MR1,26404.87467342579,0.86,26114.421052018108,1,0.0,17915.7074659194
2025,10,Khulna,MR1,27713.1275814624,0.86,27408.28317806631,1,0.0,18803.357064022235
2025,11,Khulna,MR1,27037.688800583597,0.86,26740.274223777174,1,0.0,18345.071851195968
2025,12,Khulna,MR1,26385.12048179203,0.86,26094.884156492317,1,0.0,17902.304246895892
2026,1,Khulna,MR1,25440.720381870044,0.86,25160.87245766947,0,0.0,25160.87245766947
2026,2,Khulna,MR1,26707.53595476559,0.86,26413.753059263163,0,0.0,26413.753059263163
2026,3,Khulna,MR1,27227.03738182253,0.86,26927.53997062248,0,201825.0,228752.53997062249
2026,4,Khulna,MR1,29496.880170882698,0.86,29172.414489002986,0,201825.0,230997.414489003
2026,5,Khulna,MR1,31060.483039192175,0.86,30718.81772576106,0,201825.0,232543.81772576107
2026,6,Khulna,MR1,29603.688097045626,0.86,29278.047527978124,0,201825.0,231103.04752797814
2026,7,Khulna,MR1,28508.60712508498,0.86,28195.012446709046,0,0.0,28195.012446709046
2026,8,Khulna,MR1,27004.76054716146,0.86,26707.70818114268,0,0.0,26707.70818114268
2026,9,Khulna,MR1,27391.109146348488,0.86,27089.806945738652,0,0.0,27089.806945738652
2026,10,Khulna,MR1,27512.668272192423,0.86,27210.028921198304,0,0.0,27210.028921198304
2026,11,Khulna,MR1,26346.347872484122,0.86,26056.538045886795,0,0.0,26056.538045886795
2026,12,Khulna,MR1,24347.02919877445,0.86,24079.21187758793,0,0.0,24079.21187758793
2027,1,Khulna,MR1,26695.3829510676,0.86,26401.733738605853,0,0.0,26401.733738605853
2027,2,Khulna,MR1,28274.627300146767,0.86,27963.60639984515,0,0.0,27963.60639984515
2027,3,Khulna,MR1,28731.767052401712,0.86,28415.71761482529,0,0.0,28415.71761482529
2027,4,Khulna,MR1,25939.94757716516,0.86,25654.60815381634,0,0.0,25654.60815381634
2027,5,Khulna,MR1,30616.11417960657,0.86,30279.336923630897,0,0.0,30279.336923630897
2027,6,Khulna,MR1,28193.211397381405,0.86,27883.086072010206,0,0.0,27883.086072010206
2027,7,Khulna,MR1,28331.50445348179,0.86,28019.857904493485,0,0.0,28019.857904493485
2027,8,Khulna,MR1,26410.80307194249,0.86,26120.284238151122,0,0.0,26120.284238151122
2027,9,Khulna,MR1,26719.04300733731,0.86,26425.133534256598,0,0.0,26425.133534256598
2027,10,Khulna,MR1,27019.397678125617,0.86,26722.184303666232,0,0.0,26722.184303666232
2027,11,Khulna,MR1,25201.868024134707,0.86,24924.64747586922,0,0.0,24924.64747586922
2027,12,Khulna,MR1,26449.714522393715,0.86,26158.76766264738,0,0.0,26158.76766264738
2028,1,Khulna,MR1,26593.97434812384,0.86,26301.440630294477,0,0.0,26301.440630294477
2028,2,Khulna,MR1,27482.57775090666,0.86,27180.269395646686,0,0.0,27180.269395646686
2028,3,Khulna,MR1,28369.488183220165,0.86,28057.42381320474,0,0.0,28057.42381320474
2028,4,Khulna,MR1,29597.721010268095,0.86,29272.14607915514,0,0.0,29272.14607915514
2028,5,Khulna,MR1,29969.500453410485,0.86,29639.835948422966,0,0.0,29639.835948422966
2028,6,Khulna,MR1,28710.15669876178,0.86,28394.344975075397,0,0.0,28394.344975075397
2028,7,Khulna,MR1,28727.1652483825,0.86,28411.16643065029,0,0.0,28411.16643065029
2028,8,Khulna,MR1,27444.60807123665,0.86,27142.71738245304,0,0.0,27142.71738245304
2028,9,Khulna,MR1,27099.426490516125,0.86,26801.332799120446,0,0.0,26801.332799120446
2020,4,Khulna,MR2,26504.123247607855,0.8734000000000001,26621.006431129805,0,0.0,26621.006431129805
2020,5,Khulna,MR2,25070.17084964816,0.8734000000000001,25180.730303095108,0,0.0,25180.730303095108
2020,6,Khulna,MR2,25644.697304091438,0.8734000000000001,25757.79041920248,0,0.0,25757.79041920248
2020,7,Khulna,MR2,25813.105197463243,0.8734000000000001,25926.940991384054,0,0.0,25926.940991384054
2020,8,Khulna,MR2,27561.159505655098,0.8734000000000001,27682.704219075036,0,0.0,27682.704219075036
2020,9,Khulna,MR2,28656.028278183778,0.8734000000000001,28782.401362890567,0,0.0,28782.401362890567
2020,10,Khulna,MR2,27751.93817152026,0.8734000000000001,27874.324218856666,0,0.0,27874.324218856666
2020,11,Khulna,MR2,27146.277436455108,0.8734000000000001,27265.992519949876,0,0.0,27265.992519949876
2020,12,Khulna,MR2,28295.722325514595,0.8734000000000001,28420.506460970115,0,0.0,28420.506460970115
2021,1,Khulna,MR2,27932.537911177227,0.8568,27522.488254641146,0,0.0,27522.488254641146
2021,2,Khulna,MR2,27186.457501279794,0.8568,26787.360305161004,0,0.0,26787.360305161004
2021,3,Khulna,MR2,27090.232092669477,0.8568,26692.54748554909,0,0.0,26692.54748554909
2021,4,Khulna,MR2,25654.360125629824,0.8568,25277.754118985576,0,0.0,25277.754118985576
2021,5,Khulna,MR2,25239.390480878934,0.8568,24868.87622861963,0,0.0,24868.87622861963
2021,6,Khulna,MR2,23856.411808480516,0.8568,23506.199683132018,0,0.0,23506.199683132018
2021,7,Khulna,MR2,24251.862515591576,0.8568,23895.84517386269,0,0.0,23895.84517386269
2021,8,Khulna,MR2,27039.71661113638,0.8568,26642.773571284895,0,0.0,26642.773571284895
2021,9,Khulna,MR2,29467.019941686878,0.8568,29034.444088942913,0,0.0,29034.444088942913
2021,10,Khulna,MR2,27446.471593250884,0.8568,27043.55739026196,0,0.0,27043.55739026196
2021,11,Khulna,MR2,29199.76432987022,0.8568,28771.111789507726,0,0.0,28771.111789507726
2021,12,Khulna,MR2,28646.839010466618,0.8568,28226.303413792964,0,0.0,28226.303413792964
2022,1,Khulna,MR2,28620.366334836795,0.8402000000000001,27653.856563709356,0,0.0,27653.856563709356
2022,2,Khulna,MR2,26943.760226494986,0.8402000000000001,26033.869443646247,0,0.0,26033.869443646247
2022,3,Khulna,MR2,27069.68955649495,0.8402000000000001,26155.54614017211,0,0.0,26155.54614017211
2022,4,Khulna,MR2,25323.660236286436,0.8402000000000001,24468.48023010704,0,0.0,24468.48023010704
2022,5,Khulna,MR2,24170.018364062144,0.8402000000000001,23353.796843907763,0,0.0,23353.796843907763
2022,6,Khulna,MR2,26171.313738908808,0.8402000000000001,25287.508473945858,0,0.0,25287.508473945858
2022,7,Khulna,MR2,25112.550506822023,0.8402000000000001,24264.499676206644,0,0.0,24264.499676206644
2022,8,Khulna,MR2,26593.066181227125,0.8402000000000001,25695.018336287085,0,0.0,25695.018336287085
2022,9,Khulna,MR2,27826.904638265783,0.8402000000000001,26887.190068631546,0,0.0,26887.190068631546
2022,10,Khulna,MR2,28409.608620521936,0.8402000000000001,27450.21613740691,0,0.0,27450.21613740691
2022,11,Khulna,MR2,29923.137118872197,0.8402000000000001,28912.632778367883,0,0.0,28912.632778367883
2022,12,Khulna,MR2,29370.366007004497,0.8402000000000001,28378.528746947955,0,0.0,28378.528746947955
2023,1,Khulna,MR2,28174.815696338344,0.8236,26685.494938629898,0,0.0,26685.494938629898
2023,2,Khulna,MR2,26915.029244291898,0.8236,25492.300798438628,0,0.0,25492.300798438628
2023,3,Khulna,MR2,25747.31973480221,0.8236,24386.316413620563,0,0.0,24386.316413620563
2023,4,Khulna,MR2,25684.85143795396,0.8236,24327.15019094371,0,0.0,24327.15019094371
2023,5,Khulna,MR2,28082.46174926805,0.8236,26598.022821201743,0,0.0,26598.022821201743
2023,6,Khulna,MR2,25441.220620977063,0.8236,24096.397698952216,0,0.0,24096.397698952216
2023,7,Khulna,MR2,26223.78401079334,0.8236,24837.5947879828,0,0.0,24837.5947879828
2023,8,Khulna,MR2,27886.174573890105,0.8236,26412.11138591427,0,0.0,26412.11138591427
2023,9,Khulna,MR2,28294.225912301597,0.8236,26798.593130577334,0,0.0,26798.593130577334
2023,10,Khulna,MR2,27526.09230687239,0.8236,26071.06306753111,0,0.0,26071.06306753111
2023,11,Khulna,MR2,30085.380181077922,0.8236,28495.06698470614,0,0.0,28495.06698470614
2023,12,Khulna,MR2,28670.414042129316,0.8236,27154.895955862357,0,0.0,27154.895955862357
2024,1,Khulna,MR2,28144.64391951692,0.807,26119.636789507676,0,0.0,26119.636789507676
2024,2,Khulna,MR2,26537.91213998053,0.807,24628.509361508928,0,0.0,24628.509361508928
2024,3,Khulna,MR2,26936.78785101329,0.807,24998.685965132885,0,0.0,24998.685965132885
2024,4,Khulna,MR2,26438.624593476197,0.807,24536.365553975585,0,0.0,24536.365553975585
2024,5,Khulna,MR2,25590.427639082245,0.807,23749.196370450278,0,0.0,23749.196370450278
2024,6,Khulna,MR2,24517.009077246297,0.807,22753.010274138425,0,0.0,22753.010274138425
2024,7,Khulna,MR2,24944.940290724295,0.807,23150.151836806683,1,0.0,16925.141987256433
2024,8,Khulna,MR2,27332.707518297688,0.807,25366.11921235617,1,0.0,18545.24205116498
2024,9,Khulna,MR2,28109.41473671758,0.807,26086.94234641075,1,0.0,19072.237898862873
2024,10,Khulna,MR2,29333.558662088657,0.807,27223.00911635138,1,0.0,19902.819552227153
2024,11,Khulna,MR2,29098.72230774299,0.807,27005.06923770088,1,0.0,19743.483085803615
2024,12,Khulna,MR2,28513.545659270898,0.807,26461.996049086356,1,0.0,19346.440729815302
2025,1,Khulna,MR2,28915.670739895675,0.807,26835.188230160184,1,0.0,19619.282597019213
2025,2,Khulna,MR2,28111.972261831415,0.807,26089.315857592643,1,0.0,19073.97317965261
2025,3,Khulna,MR2,25532.811638668816,0.807,23695.725841266594,1,0.0,17324.012696836788
2025,4,Khulna,MR2,27538.696638884878,0.807,25557.28741571711,1,0.0,18685.005669483387
2025,5,Khulna,MR2,26251.69976430662,0.807,24362.889966264756,1,0.0,17811.77829008204
2025,6,Khulna,MR2,24044.632585954976,0.807,22314.621271395517,1,0.0,16314.28320957045
2025,7,Khulna,MR2,25103.853514206316,0.807,23297.63125385917,1,0.0,17032.964609388982
2025,8,Khulna,MR2,26796.603141605454,0.807,24868.58754556694,1,0.0,18181.495231579298
2025,9,Khulna,MR2,28153.602595978173,0.807,26127.950889197542,1,0.0,19102.219361371186
2025,10,Khulna,MR2,28370.25893240535,0.807,26329.018802218787,1,0.0,19249.22068563703
2025,11,Khulna,MR2,28479.445910676575,0.807,26430.349777403393,1,0.0,19323.30405039405
2025,12,Khulna,MR2,29186.186692772033,0.807,27086.240560227085,1,0.0,19802.82767104582
2026,1,Khulna,MR2,28536.874760705297,0.807,26483.64662167255,0,0.0,26483.64662167255
2026,2,Khulna,MR2,27501.199847208147,0.807,25522.48851820152,0,0.0,25522.48851820152
2026,3,Khulna,MR2,26404.87467342579,0.807,24505.043940672804,0,134550.0,159055.0439406728
2026,4,Khulna,MR2,27713.1275814624,0.807,25719.16805197618,0,134550.0,160269.1680519762
2026,5,Khulna,MR2,27037.688800583597,0.807,25092.327091381605,0,134550.0,159642.3270913816
2026,6,Khulna,MR2,26385.12048179203,0.807,24486.711063127095,0,134550.0,159036.7110631271
2026,7,Khulna,MR2,25440.720381870044,0.807,23610.260550394494,0,0.0,23610.260550394494
2026,8,Khulna,MR2,26707.53595476559,0.807,24785.928742820208,0,0.0,24785.928742820208
2026,9,Khulna,MR2,27227.03738182253,0.807,25268.0520422004,0,0.0,25268.0520422004
2026,10,Khulna,MR2,29496.880170882698,0.807,27374.579642587687,0,0.0,27374.579642587687
2026,11,Khulna,MR2,31060.483039192175,0.807,28825.681284522296,0,0.0,28825.681284522296
2026,12,Khulna,MR2,29603.688097045626,0.807,27473.70273846319,0,0.0,27473.70273846319
2027,1,Khulna,MR2,28508.60712508498,0.807,26457.41284243512,0,0.0,26457.41284243512
2027,2,Khulna,MR2,27004.76054716146,0.807,25061.768025793193,0,0.0,25061.768025793193
2027,3,Khulna,MR2,27391.109146348488,0.807,25420.318843268713,0,0.0,25420.318843268713
2027,4,Khulna,MR2,27512.668272192423,0.807,25533.131790008178,0,0.0,25533.131790008178
2027,5,Khulna,MR2,26346.347872484122,0.807,24450.72814305889,0,0.0,24450.72814305889
2027,6,Khulna,MR2,24347.02919877445,0.807,22595.26044792263,0,0.0,22595.26044792263
2027,7,Khulna,MR2,26695.3829510676,0.807,24774.650147738288,0,0.0,24774.650147738288
2027,8,Khulna,MR2,28274.627300146767,0.807,26240.26786590121,0,0.0,26240.26786590121
2027,9,Khulna,MR2,28731.767052401712,0.807,26664.516412981407,0,0.0,26664.516412981407
2027,10,Khulna,MR2,25939.94757716516,0.807,24073.568348988123,0,0.0,24073.568348988123
2027,11,Khulna,MR2,30616.11417960657,0.807,28413.28476438388,0,0.0,28413.28476438388
2027,12,Khulna,MR2,28193.211397381405,0.807,26164.709837339815,0,0.0,26164.709837339815
2028,1,Khulna,MR2,28331.50445348179,0.807,26293.052708053772,0,0.0,26293.052708053772
2028,2,Khulna,MR2,26410.80307194249,0.807,24510.54579091623,0,0.0,24510.54579091623
2028,3,Khulna,MR2,26719.04300733731,0.807,24796.60786295939,0,0.0,24796.60786295939
2028,4,Khulna,MR2,27019.397678125617,0.807,25075.35201518448,0,0.0,25075.35201518448
2028,5,Khulna,MR2,25201.868024134707,0.807,23388.593619798216,0,0.0,23388.593619798216
2028,6,Khulna,MR2,26449.714522393715,0.807,24546.657562507487,0,0.0,24546.657562507487
2028,7,Khulna,MR2,26593.97434812384,0.807,24680.53789377633,0,0.0,24680.53789377633
2028,8,Khulna,MR2,27482.57775090666,0.807,25505.206281728926,0,0.0,25505.206281728926
2028,9,Khulna,MR2,28369.488183220165,0.807,26328.30350843747,0,0.0,26328.30350843747
2028,10,Khulna,MR2,29597.721010268095,0.807,27468.164983579307,0,0.0,27468.164983579307
2028,11,Khulna,MR2,29969.500453410485,0.807,27813.1948957876,0,0.0,27813.1948957876
2028,12,Khulna,MR2,28710.15669876178,0.807,26644.46092428587,0,0.0,26644.46092428587
2020,1,Mymensingh,MR1,18181.81214021381,0.8808,18416.72115306537,0,0.0,18416.72115306537
2020,2,Mymensingh,MR1,17950.116515262056,0.8808,18182.03202063924,0,0.0,18182.03202063924
2020,3,Mymensingh,MR1,19184.76393626183,0.8808,19432.631086318328,0,0.0,19432.631086318328
2020,4,Mymensingh,MR1,18725.317932697293,0.8808,18967.249040387742,0,0.0,18967.249040387742
2020,5,Mymensingh,MR1,20590.900898601234,0.8808,20856.935338211162,0,0.0,20856.935338211162
2020,6,Mymensingh,MR1,20849.3709579993,0.8808,21118.74483077665,0,0.0,21118.74483077665
2020,7,Mymensingh,MR1,19978.116518455205,0.8808,20236.233783873646,0,0.0,20236.233783873646
2020,8,Mymensingh,MR1,18284.440503681395,0.8808,18520.67547498896,0,0.0,18520.67547498896
2020,9,Mymensingh,MR1,18387.137047072345,0.8808,18624.69885772052,0,0.0,18624.69885772052
2020,10,Mymensingh,MR1,17963.64699464925,0.8808,18195.73731382012,0,0.0,18195.73731382012
2020,11,Mymensingh,MR1,18806.18937198932,0.8808,19049.16533867542,0,0.0,19049.16533867542
2020,12,Mymensingh,MR1,17786.54688773403,0.8808,18016.349073523554,0,0.0,18016.349073523554
2021,1,Mymensingh,MR1,18604.736999182533,0.8756,18733.85387395686,0,0.0,18733.85387395686
2021,2,Mymensingh,MR1,19540.700578846016,0.8756,19676.31304086321,0,0.0,19676.31304086321
2021,3,Mymensingh,MR1,19621.91416634339,0.8756,19758.090250657813,0,0.0,19758.090250657813
2021,4,Mymensingh,MR1,20892.996296097434,0.8756,21037.993690392348,0,0.0,21037.993690392348
2021,5,Mymensingh,MR1,20563.26775511003,0.8756,20705.976833330493,0,0.0,20705.976833330493
2021,6,Mymensingh,MR1,20192.140448286118,0.8756,20332.273902997225,0,0.0,20332.273902997225
2021,7,Mymensingh,MR1,19691.898902786135,0.8756,19828.56068117147,0,0.0,19828.56068117147
2021,8,Mymensingh,MR1,18612.85138494425,0.8756,18742.024573555762,0,0.0,18742.024573555762
2021,9,Mymensingh,MR1,17895.453949040646,0.8756,18019.648399446985,0,0.0,18019.648399446985
2021,10,Mymensingh,MR1,19001.98360072787,0.8756,19133.85736691692,0,0.0,19133.85736691692
2021,11,Mymensingh,MR1,18073.23174640928,0.8756,18198.65997472936,0,0.0,18198.65997472936
2021,12,Mymensingh,MR1,17411.250927259218,0.8756,17532.085008694397,0,0.0,17532.085008694397
2022,1,Mymensingh,MR1,18483.493355077826,0.8704,18501.237508698698,0,0.0,18501.237508698698
2022,2,Mymensingh,MR1,18306.961842826437,0.8704,18324.53652619555,0,0.0,18324.53652619555
2022,3,Mymensingh,MR1,20371.90193663759,0.8704,20391.45896249676,0,0.0,20391.45896249676
2022,4,Mymensingh,MR1,19951.72579548742,0.8704,19970.879452251083,0,0.0,19970.879452251083
2022,5,Mymensingh,MR1,20671.844119899262,0.8704,20691.68909025436,0,0.0,20691.68909025436
2022,6,Mymensingh,MR1,19393.136751163656,0.8704,19411.75416244477,0,0.0,19411.75416244477
2022,7,Mymensingh,MR1,20224.390439503848,0.8704,20243.80585432577,0,0.0,20243.80585432577
2022,8,Mymensingh,MR1,20049.308875183608,0.8704,20068.55621170378,0,0.0,20068.55621170378
2022,9,Mymensingh,MR1,17612.33150110548,0.8704,17629.23933934654,0,0.0,17629.23933934654
2022,10,Mymensingh,MR1,18018.54196667038,0.8704,18035.83976695838,0,0.0,18035.83976695838
2022,11,Mymensingh,MR1,17695.402647058134,0.8704,17712.390233599308,0,0.0,17712.390233599308
2022,12,Mymensingh,MR1,16879.583091576653,0.8704,16895.787491344567,0,0.0,16895.787491344567
2023,1,Mymensingh,MR1,19183.7707330911,0.8652,19087.46820401098,0,0.0,19087.46820401098
2023,2,Mymensingh,MR1,18895.273198612438,0.8652,18800.418927155402,0,0.0,18800.418927155402
2023,3,Mymensingh,MR1,20053.65690620931,0.8652,19952.98754854014,0,0.0,19952.98754854014
2023,4,Mymensingh,MR1,20069.54841043752,0.8652,19968.79927741712,0,0.0,19968.79927741712
2023,5,Mymensingh,MR1,20739.674245119153,0.8652,20635.56108040865,0,0.0,20635.56108040865
2023,6,Mymensingh,MR1,21125.880035321763,0.8652,21019.828117544443,0,0.0,21019.828117544443
2023,7,Mymensingh,MR1,19808.043002991482,0.8652,19708.606627116464,0,0.0,19708.606627116464
2023,8,Mymensingh,MR1,19654.28231545903,0.8652,19555.617818235423,0,0.0,19555.617818235423
2023,9,Mymensingh,MR1,18798.478359940364,0.8652,18704.10999857346,0,0.0,18704.10999857346
2023,10,Mymensingh,MR1,18005.406933539634,0.8652,17915.019790733262,0,0.0,17915.019790733262
2023,11,Mymensingh,MR1,17688.72114119207,0.8652,17599.923761063284,0,0.0,17599.923761063284
2023,12,Mymensingh,MR1,17432.534422319135,0.8652,17345.02309951909,0,0.0,17345.02309951909
2024,1,Mymensingh,MR1,17277.96148556753,0.86,17087.903909226286,0,0.0,17087.903909226286
2024,2,Mymensingh,MR1,19508.825753365054,0.86,19294.228670078035,0,0.0,19294.228670078035
2024,3,Mymensingh,MR1,19318.631900603843,0.86,19106.1269496972,0,0.0,19106.1269496972
2024,4,Mymensingh,MR1,21238.831336081137,0.86,21005.204191384244,0,0.0,21005.204191384244
2024,5,Mymensingh,MR1,20990.156440201452,0.86,20759.26471935923,0,0.0,20759.26471935923
2024,6,Mymensingh,MR1,20283.02786048347,0.86,20059.914554018153,0,0.0,20059.914554018153
2024,7,Mymensingh,MR1,19372.589013801597,0.86,19159.490534649776,1,0.0,13144.301645864381
2024,8,Mymensingh,MR1,20399.008976337773,0.86,20174.619877598056,1,0.0,13840.727590445178
2024,9,Mymensingh,MR1,19345.916730387005,0.86,19133.111646352747,1,0.0,13126.204501567581
2024,10,Mymensingh,MR1,18186.627864782215,0.86,17986.574958269608,1,0.0,12339.627006254732
2024,11,Mymensingh,MR1,18359.073655581888,0.86,18157.123845370483,1,0.0,12456.631475312308
2024,12,Mymensingh,MR1,17778.965056021403,0.86,17583.396440405166,1,0.0,12063.027790510521
2025,1,Mymensingh,MR1,18271.90916885683,0.86,18070.918167999404,1,0.0,12397.490371069358
2025,2,Mymensingh,MR1,18753.9902836323,0.86,18547.696390512345,1,0.0,12724.582407444515
2025,3,Mymensingh,MR1,19252.13384183526,0.86,19040.360369575068,1,0.0,13062.57281168522
2025,4,Mymensingh,MR1,19433.408569078634,0.86,19219.641074818766,1,0.0,13185.567714119852
2025,5,Mymensingh,MR1,21683.96115728518,0.86,21445.43758455504,1,0.0,14712.567645217992
2025,6,Mymensingh,MR1,20234.599142803218,0.86,20012.01855223238,1,0.0,13729.175518391981
2025,7,Mymensingh,MR1,19617.3308576605,0.86,19401.540218226233,1,0.0,13310.358986922649
2025,8,Mymensingh,MR1,19805.81851809505,0.86,19587.954514396002,1,0.0,13438.24786452749
2025,9,Mymensingh,MR1,18005.493906501488,0.86,17807.43347352997,1,0.0,12216.72761556126
2025,10,Mymensingh,MR1,18317.437751652775,0.86,18115.945936384593,1,0.0,12428.381514496406
2025,11,Mymensingh,MR1,17850.419412238745,0.86,17654.06479870412,1,0.0,12111.50957120399
2025,12,Mymensingh,MR1,18255.223426199187,0.86,18054.415968510995,1,0.0,12386.169094676148
2026,1,Mymensingh,MR1,18606.179314385972,0.86,18401.511341927726,0,0.0,18401.511341927726
2026,2,Mymensingh,MR1,17770.52848310161,0.86,17575.052669787492,0,0.0,17575.052669787492
2026,3,Mymensingh,MR1,19015.81192456741,0.86,18806.637993397166,0,263925.0,282731.6379933972
2026,4,Mymensingh,MR1,20491.927012686858,0.86,20266.5158155473,0,263925.0,284191.5158155473
2026,5,Mymensingh,MR1,21646.022087485915,0.86,21407.91584452357,0,263925.0,285332.9158445236
2026,6,Mymensingh,MR1,20695.652563103966,0.86,20468.000384909818,0,263925.0,284393.0003849098
2026,7,Mymensingh,MR1,19736.95265752966,0.86,19519.84617829683,0,0.0,19519.84617829683
2026,8,Mymensingh,MR1,20277.748020451327,0.86,20054.69279222636,0,0.0,20054.69279222636
2026,9,Mymensingh,MR1,17685.90256813348,0.86,17491.35763988401,0,0.0,17491.35763988401
2026,10,Mymensingh,MR1,18620.49872828627,0.86,18415.673242275123,0,0.0,18415.673242275123
2026,11,Mymensingh,MR1,17854.41675730528,0.86,17658.01817297492,0,0.0,17658.01817297492
2026,12,Mymensingh,MR1,18221.307524864966,0.86,18020.87314209145,0,0.0,18020.87314209145
2027,1,Mymensingh,MR1,18335.77149930863,0.86,18134.078012816233,0,0.0,18134.078012816233
2027,2,Mymensingh,MR1,18787.41383306117,0.86,18580.752280897497,0,0.0,18580.752280897497
2027,3,Mymensingh,MR1,19249.94365472846,0.86,19038.194274526446,0,0.0,19038.194274526446
2027,4,Mymensingh,MR1,20218.315168893336,0.86,19995.913702035505,0,0.0,19995.913702035505
2027,5,Mymensingh,MR1,20064.269541364465,0.86,19843.562576409455,0,0.0,19843.562576409455
2027,6,Mymensingh,MR1,19714.265587230937,0.86,19497.408665771396,0,0.0,19497.408665771396
2027,7,Mymensingh,MR1,19659.716134034814,0.86,19443.45925656043,0,0.0,19443.45925656043
2027,8,Mymensingh,MR1,19790.732846990984,0.86,19573.034785674085,0,0.0,19573.034785674085
2027,9,Mymensingh,MR1,19115.205624431997,0.86,18904.938362563244,0,0.0,18904.938362563244
2027,10,Mymensingh,MR1,18758.10922920802,0.86,18551.77002768673,0,0.0,18551.77002768673
2027,11,Mymensingh,MR1,18717.304568492073,0.86,18511.414218238657,0,0.0,18511.414218238657
2027,12,Mymensingh,MR1,17242.356001592718,0.86,17052.690085575196,0,0.0,17052.690085575196
2028,1,Mymensingh,MR1,17490.464437329338,0.86,17298.06932851871,0,0.0,17298.06932851871
2028,2,Mymensingh,MR1,18831.785220053316,0.86,18624.635582632727,0,0.0,18624.635582632727
2028,3,Mymensingh,MR1,18857.833093379464,0.86,18650.39692935229,0,0.0,18650.39692935229
2028,4,Mymensingh,MR1,20685.05150802053,0.86,20457.515941432302,0,0.0,20457.515941432302
2028,5,Mymensingh,MR1,20531.573703502887,0.86,20305.726392764354,0,0.0,20305.726392764354
2028,6,Mymensingh,MR1,20374.72344993938,0.86,20150.601491990048,0,0.0,20150.601491990048
2028,7,Mymensingh,MR1,21012.009487382467,0.86,20780.87738302126,0,0.0,20780.87738302126
2028,8,Mymensingh,MR1,19375.895959317524,0.86,19162.76110376503,0,0.0,19162.76110376503
2028,9,Mymensingh,MR1,18709.086495017087,0.86,18503.2865435719,0,0.0,18503.2865435719
2020,4,Mymensingh,MR2,18201.91821306572,0.8734000000000001,18282.18867238534,0,0.0,18282.18867238534
2020,5,Mymensingh,MR2,17415.730331858504,0.8734000000000001,17492.533702622,0,0.0,17492.533702622
2020,6,Mymensingh,MR2,18427.12801359196,0.8734000000000001,18508.3916481319,0,0.0,18508.3916481319
2020,7,Mymensingh,MR2,18181.81214021381,0.8734000000000001,18261.993931752153,0,0.0,18261.993931752153
2020,8,Mymensingh,MR2,17950.116515262056,0.8734000000000001,18029.27652909436,0,0.0,18029.27652909436
2020,9,Mymensingh,MR2,19184.76393626183,0.8734000000000001,19269.36874522074,0,0.0,19269.36874522074
2020,10,Mymensingh,MR2,18725.317932697293,0.8734000000000001,18807.896584780487,0,0.0,18807.896584780487
2020,11,Mymensingh,MR2,20590.900898601234,0.8734000000000001,20681.706771564066,0,0.0,20681.706771564066
2020,12,Mymensingh,MR2,20849.3709579993,0.8734000000000001,20941.31668392408,0,0.0,20941.31668392408
2021,1,Mymensingh,MR2,19978.116518455205,0.8568,19684.83776796428,0,0.0,19684.83776796428
2021,2,Mymensingh,MR2,18284.440503681395,0.8568,18016.02491708735,0,0.0,18016.02491708735
2021,3,Mymensingh,MR2,18387.137047072345,0.8568,18117.21387522132,0,0.0,18117.21387522132
2021,4,Mymensingh,MR2,17963.64699464925,0.8568,17699.940656767798,0,0.0,17699.940656767798
2021,5,Mymensingh,MR2,18806.18937198932,0.8568,18530.114512008513,0,0.0,18530.114512008513
2021,6,Mymensingh,MR2,17786.54688773403,0.8568,17525.440379422096,0,0.0,17525.440379422096
2021,7,Mymensingh,MR2,18604.736999182533,0.8568,18331.619460034533,0,0.0,18331.619460034533
2021,8,Mymensingh,MR2,19540.700578846016,0.8568,19253.843094348555,0,0.0,19253.843094348555
2021,9,Mymensingh,MR2,19621.91416634339,0.8568,19333.864466381467,0,0.0,19333.864466381467
2021,10,Mymensingh,MR2,20892.996296097434,0.8568,20586.287110470723,0,0.0,20586.287110470723
2021,11,Mymensingh,MR2,20563.26775511003,0.8568,20261.398984465013,0,0.0,20261.398984465013
2021,12,Mymensingh,MR2,20192.140448286118,0.8568,19895.719826505276,0,0.0,19895.719826505276
2022,1,Mymensingh,MR2,19691.898902786135,0.8402000000000001,19026.90347683905,0,0.0,19026.90347683905
2022,2,Mymensingh,MR2,18612.85138494425,0.8402000000000001,17984.29539367468,0,0.0,17984.29539367468
2022,3,Mymensingh,MR2,17895.453949040646,0.8402000000000001,17291.12446918154,0,0.0,17291.12446918154
2022,4,Mymensingh,MR2,19001.98360072787,0.8402000000000001,18360.28661453129,0,0.0,18360.28661453129
2022,5,Mymensingh,MR2,18073.23174640928,0.8402000000000001,17462.89871033304,0,0.0,17462.89871033304
2022,6,Mymensingh,MR2,17411.250927259218,0.8402000000000001,16823.272983445673,0,0.0,16823.272983445673
2022,7,Mymensingh,MR2,18483.493355077826,0.8402000000000001,17859.30578447685,0,0.0,17859.30578447685
2022,8,Mymensingh,MR2,18306.961842826437,0.8402000000000001,17688.735741394186,0,0.0,17688.735741394186
2022,9,Mymensingh,MR2,20371.90193663759,0.8402000000000001,19683.942808237338,0,0.0,19683.942808237338
2022,10,Mymensingh,MR2,19951.72579548742,0.8402000000000001,19277.95601537381,0,0.0,19277.95601537381
2022,11,Mymensingh,MR2,20671.844119899262,0.8402000000000001,19973.755943970267,0,0.0,19973.755943970267
2022,12,Mymensingh,MR2,19393.136751163656,0.8402000000000001,18738.230523076858,0,0.0,18738.230523076858
2023,1,Mymensingh,MR2,20224.390439503848,0.8236,19155.32916087167,0,0.0,19155.32916087167
2023,2,Mymensingh,MR2,20049.308875183608,0.8236,18989.5024080414,0,0.0,18989.5024080414
2023,3,Mymensingh,MR2,17612.33150110548,0.8236,16681.343657957044,0,0.0,16681.343657957044
2023,4,Mymensingh,MR2,18018.54196667038,0.8236,17066.08183831218,0,0.0,17066.08183831218
2023,5,Mymensingh,MR2,17695.402647058134,0.8236,16760.023663134638,0,0.0,16760.023663134638
2023,6,Mymensingh,MR2,16879.583091576653,0.8236,15987.328329355909,0,0.0,15987.328329355909
2023,7,Mymensingh,MR2,19183.7707330911,0.8236,18169.716612139902,0,0.0,18169.716612139902
2023,8,Mymensingh,MR2,18895.273198612438,0.8236,17896.469057333783,0,0.0,17896.469057333783
2023,9,Mymensingh,MR2,20053.65690620931,0.8236,18993.620602147086,0,0.0,18993.620602147086
2023,10,Mymensingh,MR2,20069.54841043752,0.8236,19008.67208146179,0,0.0,19008.67208146179
2023,11,Mymensingh,MR2,20739.674245119153,0.8236,19643.37506452215,0,0.0,19643.37506452215
2023,12,Mymensingh,MR2,21125.880035321763,0.8236,20009.16601665465,0,0.0,20009.16601665465
2024,1,Mymensingh,MR2,19808.043002991482,0.807,18382.854308926246,0,0.0,18382.854308926246
2024,2,Mymensingh,MR2,19654.28231545903,0.807,18240.156702861754,0,0.0,18240.156702861754
2024,3,Mymensingh,MR2,18798.478359940364,0.807,17445.927841942652,0,0.0,17445.927841942652
2024,4,Mymensingh,MR2,18005.406933539634,0.807,16709.91790467146,0,0.0,16709.91790467146
2024,5,Mymensingh,MR2,17688.72114119207,0.807,16416.0176550833,0,0.0,16416.0176550833
2024,6,Mymensingh,MR2,17432.534422319135,0.807,16178.263570633275,0,0.0,16178.263570633275
2024,7,Mymensingh,MR2,17277.96148556753,0.807,16034.812156680948,1,0.0,11723.096867957569
2024,8,Mymensingh,MR2,19508.825753365054,0.807,18105.165740410437,1,0.0,13236.738273658186
2024,9,Mymensingh,MR2,19318.631900603843,0.807,17928.656335355394,1,0.0,13107.691744559703
2024,10,Mymensingh,MR2,21238.831336081137,0.807,19710.6974214501,1,0.0,14410.547061531048
2024,11,Mymensingh,MR2,20990.156440201452,0.807,19479.914684328956,1,0.0,14241.821144676682
2024,12,Mymensingh,MR2,20283.02786048347,0.807,18823.664005921684,1,0.0,13762.034403338032
2025,1,Mymensingh,MR2,19372.589013801597,0.807,17978.731234258572,1,0.0,13144.301645864381
2025,2,Mymensingh,MR2,20399.008976337773,0.807,18931.300280490268,1,0.0,13840.727590445174
2025,3,Mymensingh,MR2,19345.916730387005,0.807,17953.97802163566,1,0.0,13126.20450156758
2025,4,Mymensingh,MR2,18186.627864782215,0.807,16878.099989911134,1,0.0,12339.62700625473
2025,5,Mymensingh,MR2,18359.073655581888,0.807,17038.13830606277,1,0.0,12456.631475312308
2025,6,Mymensingh,MR2,17778.965056021403,0.807,16499.76852024066,1,0.0,12063.027790510518
2025,7,Mymensingh,MR2,18271.90916885683,0.807,16957.245304157583,1,0.0,12397.490371069358
2025,8,Mymensingh,MR2,18753.9902836323,0.807,17404.640682724956,1,0.0,12724.582407444514
2025,9,Mymensingh,MR2,19252.13384183526,0.807,17866.942811915214,1,0.0,13062.572811685222
2025,10,Mymensingh,MR2,19433.408569078634,0.807,18035.174822533427,1,0.0,13185.567714119852
2025,11,Mymensingh,MR2,21683.96115728518,0.807,20123.80015201851,1,0.0,14712.56764521799
2025,12,Mymensingh,MR2,20234.599142803218,0.807,18778.719734478527,1,0.0,13729.175518391981
2026,1,Mymensingh,MR2,19617.3308576605,0.807,18205.863902451827,0,0.0,18205.863902451827
2026,2,Mymensingh,MR2,19805.81851809505,0.807,18380.78987571811,0,0.0,18380.78987571811
2026,3,Mymensingh,MR2,18005.493906501488,0.807,16709.998619928705,0,175950.00000000003,192659.99861992872
2026,4,Mymensingh,MR2,18317.437751652775,0.807,16999.498105421357,0,175950.00000000003,192949.49810542137
2026,5,Mymensingh,MR2,17850.419412238745,0.807,16566.08173552817,0,175950.00000000003,192516.0817355282
2026,6,Mymensingh,MR2,18255.223426199187,0.807,16941.760100684154,0,175950.00000000003,192891.7601006842
2026,7,Mymensingh,MR2,18606.179314385972,0.807,17267.4647127159,0,0.0,17267.4647127159
2026,8,Mymensingh,MR2,17770.52848310161,0.807,16491.93895874245,0,0.0,16491.93895874245
2026,9,Mymensingh,MR2,19015.81192456741,0.807,17647.624256594783,0,0.0,17647.624256594783
2026,10,Mymensingh,MR2,20491.927012686858,0.807,19017.532864124038,0,0.0,19017.532864124038
2026,11,Mymensingh,MR2,21646.022087485915,0.807,20088.590798291305,0,0.0,20088.590798291305
2026,12,Mymensingh,MR2,20695.652563103966,0.807,19206.600361188637,0,0.0,19206.600361188637
2027,1,Mymensingh,MR2,19736.95265752966,0.807,18316.878913820397,0,0.0,18316.878913820397
2027,2,Mymensingh,MR2,20277.748020451327,0.807,18818.764050379854,0,0.0,18818.764050379854
2027,3,Mymensingh,MR2,17685.90256813348,0.807,16413.401878356275,0,0.0,16413.401878356275
2027,4,Mymensingh,MR2,18620.49872828627,0.807,17280.75384478607,0,0.0,17280.75384478607
2027,5,Mymensingh,MR2,17854.41675730528,0.807,16569.791471617165,0,0.0,16569.791471617165
2027,6,Mymensingh,MR2,18221.307524864966,0.807,16910.284448450933,0,0.0,16910.284448450933
2027,7,Mymensingh,MR2,18335.77149930863,0.807,17016.512739933372,0,0.0,17016.512739933372
2027,8,Mymensingh,MR2,18787.41383306117,0.807,17435.65940777242,0,0.0,17435.65940777242
2027,9,Mymensingh,MR2,19249.94365472846,0.807,17864.910208770747,0,0.0,17864.910208770747
2027,10,Mymensingh,MR2,20218.315168893336,0.807,18763.60739249146,0,0.0,18763.60739249146
2027,11,Mymensingh,MR2,20064.269541364465,0.807,18620.645347863294,0,0.0,18620.645347863294
2027,12,Mymensingh,MR2,19714.265587230937,0.807,18295.82417822967,0,0.0,18295.82417822967
2028,1,Mymensingh,MR2,19659.716134034814,0.807,18245.19955819101,0,0.0,18245.19955819101
2028,2,Mymensingh,MR2,19790.732846990984,0.807,18366.789618649982,0,0.0,18366.789618649982
2028,3,Mymensingh,MR2,19115.205624431997,0.807,17739.866579754114,0,0.0,17739.866579754114
2028,4,Mymensingh,MR2,18758.10922920802,0.807,17408.463270166503,0,0.0,17408.463270166503
2028,5,Mymensingh,MR2,18717.304568492073,0.807,17370.594504789067,0,0.0,17370.594504789067
2028,6,Mymensingh,MR2,17242.356001592718,0.807,16001.768487278121,0,0.0,16001.768487278121
2028,7,Mymensingh,MR2,17490.464437329338,0.807,16232.025521063491,0,0.0,16232.025521063491
2028,8,Mymensingh,MR2,18831.785220053316,0.807,17476.83827347048,0,0.0,17476.83827347048
2028,9,Mymensingh,MR2,18857.833093379464,0.807,17501.01200231081,0,0.0,17501.01200231081
2028,10,Mymensingh,MR2,20685.05150802053,0.807,19196.76205201845,0,0.0,19196.76205201845
2028,11,Mymensingh,MR2,20531.573703502887,0.807,19054.326975535856,0,0.0,19054.326975535856
2028,12,Mymensingh,MR2,20374.72344993938,0.807,18908.762097716244,0,0.0,18908.762097716244
2020,1,Rajshahi,MR1,30278.896165893453,0.8808,30670.099504356796,0,0.0,30670.099504356796
2020,2,Rajshahi,MR1,32517.965394681905,0.8808,32938.097507581195,0,0.0,32938.097507581195
2020,3,Rajshahi,MR1,31292.65451296541,0.8808,31696.95560927292,0,0.0,31696.95560927292
2020,4,Rajshahi,MR1,33932.21592486764,0.8808,34370.620154616925,0,0.0,34370.620154616925
2020,5,Rajshahi,MR1,36304.7281151691,0.8808,36773.785202417086,0,0.0,36773.785202417086
2020,6,Rajshahi,MR1,35729.72304574504,0.8808,36191.35106749606,0,0.0,36191.35106749606
2020,7,Rajshahi,MR1,33345.59941191972,0.8808,33776.42455632172,0,0.0,33776.42455632172
2020,8,Rajshahi,MR1,33914.72065322208,0.8808,34352.89884406171,0,0.0,34352.89884406171
2020,9,Rajshahi,MR1,32879.44287648584,0.8808,33304.245278450035,0,0.0,33304.245278450035
2020,10,Rajshahi,MR1,30834.507138561414,0.8808,31232.888970791628,0,0.0,31232.888970791628
2020,11,Rajshahi,MR1,30155.765318805206,0.8808,30545.37780672417,0,0.0,30545.37780672417
2020,12,Rajshahi,MR1,29310.042704957294,0.8808,29688.728456705343,0,0.0,29688.728456705343
2021,1,Rajshahi,MR1,30087.893964349805,0.8756,30296.703948462393,0,0.0,30296.703948462393
2021,2,Rajshahi,MR1,30651.0272129769,0.8756,30863.745341834958,0,0.0,30863.745341834958
2021,3,Rajshahi,MR1,33377.85401420489,0.8756,33609.49632106347,0,0.0,33609.49632106347
2021,4,Rajshahi,MR1,33290.94859254744,0.8756,33521.987775779715,0,0.0,33521.987775779715
2021,5,Rajshahi,MR1,34187.24362723474,0.8756,34424.50309800775,0,0.0,34424.50309800775
2021,6,Rajshahi,MR1,35411.75333718242,0.8756,35657.51090534246,0,0.0,35657.51090534246
2021,7,Rajshahi,MR1,32539.14053552912,0.8756,32764.96217084569,0,0.0,32764.96217084569
2021,8,Rajshahi,MR1,32731.447449555133,0.8756,32958.603694855046,0,0.0,32958.603694855046
2021,9,Rajshahi,MR1,31035.074785310557,0.8756,31250.45820432061,0,0.0,31250.45820432061
2021,10,Rajshahi,MR1,31234.179321204276,0.8756,31450.94452569343,0,0.0,31450.94452569343
2021,11,Rajshahi,MR1,29575.542899739834,0.8756,29780.797167464025,0,0.0,29780.797167464025
2021,12,Rajshahi,MR1,30338.77988733485,0.8756,30549.331019752957,0,0.0,30549.331019752957
2022,1,Rajshahi,MR1,30446.478515142026,0.8704,30475.707134516557,0,0.0,30475.707134516557
2022,2,Rajshahi,MR1,31679.94427302182,0.8704,31710.35701952392,0,0.0,31710.35701952392
2022,3,Rajshahi,MR1,32059.5850529088,0.8704,32090.362254559586,0,0.0,32090.362254559586
2022,4,Rajshahi,MR1,35113.58827636663,0.8704,35147.29732111194,0,0.0,35147.29732111194
2022,5,Rajshahi,MR1,34976.01647166401,0.8704,35009.5934474768,0,0.0,35009.5934474768
2022,6,Rajshahi,MR1,33100.21242270445,0.8704,33131.98862663024,0,0.0,33131.98862663024
2022,7,Rajshahi,MR1,33448.692404714944,0.8704,33480.80314942347,0,0.0,33480.80314942347
2022,8,Rajshahi,MR1,31101.85591921033,0.8704,31131.713700892768,0,0.0,31131.713700892768
2022,9,Rajshahi,MR1,32135.06633726739,0.8704,32165.916000951165,0,0.0,32165.916000951165
2022,10,Rajshahi,MR1,31576.70521098053,0.8704,31607.01884798307,0,0.0,31607.01884798307
2022,11,Rajshahi,MR1,30513.820582116423,0.8704,30543.11384987525,0,0.0,30543.11384987525
2022,12,Rajshahi,MR1,30306.443421086544,0.8704,30335.537606770784,0,0.0,30335.537606770784
2023,1,Rajshahi,MR1,29260.892107855783,0.8652,29114.00242947434,0,0.0,29114.00242947434
2023,2,Rajshahi,MR1,32159.111794353284,0.8652,31997.673053145627,0,0.0,31997.673053145627
2023,3,Rajshahi,MR1,31757.80072188813,0.8652,31598.376562264246,0,0.0,31598.376562264246
2023,4,Rajshahi,MR1,33758.80835499846,0.8652,33589.33913705636,0,0.0,33589.33913705636
2023,5,Rajshahi,MR1,33285.0141028998,0.8652,33117.92333210324,0,0.0,33117.92333210324
2023,6,Rajshahi,MR1,33704.714036127836,0.8652,33535.516371666476,0,0.0,33535.516371666476
2023,7,Rajshahi,MR1,32797.10611309789,0.8652,32632.464640410137,0,0.0,32632.464640410137
2023,8,Rajshahi,MR1,32071.69535099788,0.8652,31910.69544033587,0,0.0,31910.69544033587
2023,9,Rajshahi,MR1,30095.843813898817,0.8652,29944.76267795304,0,0.0,29944.76267795304
2023,10,Rajshahi,MR1,29040.406215303825,0.8652,28894.623376102994,0,0.0,28894.623376102994
2023,11,Rajshahi,MR1,28974.747335167056,0.8652,28829.294103544515,0,0.0,28829.294103544515
2023,12,Rajshahi,MR1,29651.668414266594,0.8652,29502.817038826972,0,0.0,29502.817038826972
2024,1,Rajshahi,MR1,30097.012921376863,0.86,29765.945779241716,0,0.0,29765.945779241716
2024,2,Rajshahi,MR1,31977.675359421297,0.86,31625.92093046766,0,0.0,31625.92093046766
2024,3,Rajshahi,MR1,30536.48545801335,0.86,30200.5841179752,0,0.0,30200.5841179752
2024,4,Rajshahi,MR1,33562.44826530281,0.86,33193.26133438448,0,0.0,33193.26133438448
2024,5,Rajshahi,MR1,33724.60544681422,0.86,33353.63478689926,0,0.0,33353.63478689926
2024,6,Rajshahi,MR1,35791.71867100832,0.86,35398.00976562723,0,0.0,35398.00976562723
2024,7,Rajshahi,MR1,32605.365405069384,0.86,32246.70638561362,1,0.0,22122.740427339577
2024,8,Rajshahi,MR1,30823.594554304236,0.86,30484.535014206886,1,0.0,20913.808905095422
2024,9,Rajshahi,MR1,32079.552727503295,0.86,31726.677647500754,1,0.0,21765.976525610982
2024,10,Rajshahi,MR1,30550.278633041526,0.86,30214.225568078065,1,0.0,20728.36405251867
2024,11,Rajshahi,MR1,30525.328129383877,0.86,30189.549519960652,1,0.0,20711.43513578696
2024,12,Rajshahi,MR1,27823.380438409415,0.86,27517.323253586907,1,0.0,18878.163627460784
2025,1,Rajshahi,MR1,31346.451398746973,0.86,31001.64043336075,1,0.0,21268.567274049816
2025,2,Rajshahi,MR1,31914.32440087025,0.86,31563.266832460675,1,0.0,21653.869105990463
2025,3,Rajshahi,MR1,33359.59615437004,0.86,32992.64059667197,1,0.0,22634.48599074007
2025,4,Rajshahi,MR1,34127.29364806037,0.86,33751.8934179317,1,0.0,23155.368740208956
2025,5,Rajshahi,MR1,34159.987216192516,0.86,33784.227356814394,1,0.0,23177.551326186618
2025,6,Rajshahi,MR1,33725.03653761451,0.86,33354.06113570075,1,0.0,22882.437290771446
2025,7,Rajshahi,MR1,33761.405903894374,0.86,33390.03043895153,1,0.0,22907.11390579233
2025,8,Rajshahi,MR1,33037.47404901373,0.86,32674.06183447457,1,0.0,22415.92614225581
2025,9,Rajshahi,MR1,31561.082977920774,0.86,31213.91106516364,1,0.0,21414.194800519243
2025,10,Rajshahi,MR1,32636.46430827907,0.86,32277.463200888,1,0.0,22143.841033167348
2025,11,Rajshahi,MR1,28972.16881243257,0.86,28653.47495549581,1,0.0,19657.6165392355
2025,12,Rajshahi,MR1,29170.430611923293,0.86,28849.55587519213,1,0.0,19792.13717018995
2026,1,Rajshahi,MR1,29255.804538521123,0.86,28933.990688597387,0,0.0,28933.990688597387
2026,2,Rajshahi,MR1,31925.305165219128,0.86,31574.126808401714,0,0.0,31574.126808401714
2026,3,Rajshahi,MR1,32882.447003231595,0.86,32520.740086196045,0,496800.0,529320.740086196
2026,4,Rajshahi,MR1,34420.98093928594,0.86,34042.350148953796,0,496800.0,530842.3501489538
2026,5,Rajshahi,MR1,33011.050707689516,0.86,32647.92914990493,0,496800.0,529447.929149905
2026,6,Rajshahi,MR1,33887.99534914611,0.86,33515.2274003055,0,496800.0,530315.2274003054
2026,7,Rajshahi,MR1,33090.36494787697,0.86,32726.370933450322,0,0.0,32726.370933450322
2026,8,Rajshahi,MR1,31952.201063200588,0.86,31600.72685150538,0,0.0,31600.72685150538
2026,9,Rajshahi,MR1,29060.12345945972,0.86,28740.462101405657,0,0.0,28740.462101405657
2026,10,Rajshahi,MR1,30185.572402309648,0.86,29853.531105884238,0,0.0,29853.531105884238
2026,11,Rajshahi,MR1,30179.520554706138,0.86,29847.54582860437,0,0.0,29847.54582860437
2026,12,Rajshahi,MR1,29982.399222656462,0.86,29652.59283120724,0,0.0,29652.59283120724
2027,1,Rajshahi,MR1,30322.853707208433,0.86,29989.302316429137,0,0.0,29989.302316429137
2027,2,Rajshahi,MR1,29889.825489142248,0.86,29561.03740876168,0,0.0,29561.03740876168
2027,3,Rajshahi,MR1,31561.67708574415,0.86,31214.498637800963,0,0.0,31214.498637800963
2027,4,Rajshahi,MR1,32555.53477278474,0.86,32197.423890284106,0,0.0,32197.423890284106
2027,5,Rajshahi,MR1,34178.164181469576,0.86,33802.204375473404,0,0.0,33802.204375473404
2027,6,Rajshahi,MR1,33308.06285440082,0.86,32941.67416300241,0,0.0,32941.67416300241
2027,7,Rajshahi,MR1,32332.570461019062,0.86,31976.91218594785,0,0.0,31976.91218594785
2027,8,Rajshahi,MR1,31350.61017868138,0.86,31005.753466715883,0,0.0,31005.753466715883
2027,9,Rajshahi,MR1,29880.852065920586,0.86,29552.162693195456,0,0.0,29552.162693195456
2027,10,Rajshahi,MR1,31957.72729023349,0.86,31606.192290040923,0,0.0,31606.192290040923
2027,11,Rajshahi,MR1,29918.675612887648,0.86,29589.57018114588,0,0.0,29589.57018114588
2027,12,Rajshahi,MR1,28876.308557550845,0.86,28558.669163417784,0,0.0,28558.669163417784
2028,1,Rajshahi,MR1,30896.55742632807,0.86,30556.69529463846,0,0.0,30556.69529463846
2028,2,Rajshahi,MR1,30034.890230161072,0.86,29704.506437629298,0,0.0,29704.506437629298
2028,3,Rajshahi,MR1,33473.23476805517,0.86,33105.02918560656,0,0.0,33105.02918560656
2028,4,Rajshahi,MR1,30972.660328164755,0.86,30631.96106455494,0,0.0,30631.96106455494
2028,5,Rajshahi,MR1,34397.15234036239,0.86,34018.7836646184,0,0.0,34018.7836646184
2028,6,Rajshahi,MR1,34076.49106438768,0.86,33701.64966267941,0,0.0,33701.64966267941
2028,7,Rajshahi,MR1,32607.189618113738,0.86,32248.510532314485,0,0.0,32248.510532314485
2028,8,Rajshahi,MR1,31045.81261052621,0.86,30704.308671810417,0,0.0,30704.308671810417
2028,9,Rajshahi,MR1,30817.158282630204,0.86,30478.16954152127,0,0.0,30478.16954152127
2020,4,Rajshahi,MR2,30325.465665655498,0.8734000000000001,30459.20096924104,0,0.0,30459.20096924104
2020,5,Rajshahi,MR2,29682.567490786496,0.8734000000000001,29813.467613420864,0,0.0,29813.467613420864
2020,6,Rajshahi,MR2,29475.57346143133,0.8734000000000001,29605.560740396242,0,0.0,29605.560740396242
2020,7,Rajshahi,MR2,30278.896165893453,0.8734000000000001,30412.42609798504,0,0.0,30412.42609798504
2020,8,Rajshahi,MR2,32517.965394681905,0.8734000000000001,32661.369622072452,0,0.0,32661.369622072452
2020,9,Rajshahi,MR2,31292.65451296541,0.8734000000000001,31430.65511936759,0,0.0,31430.65511936759
2020,10,Rajshahi,MR2,33932.21592486764,0.8734000000000001,34081.85699709631,0,0.0,34081.85699709631
2020,11,Rajshahi,MR2,36304.7281151691,0.8734000000000001,36464.831966157,0,0.0,36464.831966157
2020,12,Rajshahi,MR2,35729.72304574504,0.8734000000000001,35887.29112437678,0,0.0,35887.29112437678
2021,1,Rajshahi,MR2,33345.59941191972,0.8568,32856.08601255273,0,0.0,32856.08601255273
2021,2,Rajshahi,MR2,33914.72065322208,0.8568,33416.852554032776,0,0.0,33416.852554032776
2021,3,Rajshahi,MR2,32879.44287648584,0.8568,32396.772655059023,0,0.0,32396.772655059023
2021,4,Rajshahi,MR2,30834.507138561414,0.8568,30381.856573767327,0,0.0,30381.856573767327
2021,5,Rajshahi,MR2,30155.765318805206,0.8568,29713.078683925145,0,0.0,29713.078683925145
2021,6,Rajshahi,MR2,29310.042704957294,0.8568,28879.771278048516,0,0.0,28879.771278048516
2021,7,Rajshahi,MR2,30087.893964349805,0.8568,29646.20368095315,0,0.0,29646.20368095315
2021,8,Rajshahi,MR2,30651.0272129769,0.8568,30201.070133490397,0,0.0,30201.070133490397
2021,9,Rajshahi,MR2,33377.85401420489,0.8568,32887.86711727636,0,0.0,32887.86711727636
2021,10,Rajshahi,MR2,33290.94859254744,0.8568,32802.23746720884,0,0.0,32802.23746720884
2021,11,Rajshahi,MR2,34187.24362723474,0.8568,33685.37489078693,0,0.0,33685.37489078693
2021,12,Rajshahi,MR2,35411.75333718242,0.8568,34891.90879819258,0,0.0,34891.90879819258
2022,1,Rajshahi,MR2,32539.14053552912,0.8402000000000001,31440.2937596443,0,0.0,31440.2937596443
2022,2,Rajshahi,MR2,32731.447449555133,0.8402000000000001,31626.106469183655,0,0.0,31626.106469183655
2022,3,Rajshahi,MR2,31035.074785310557,0.8402000000000001,29987.02030981062,0,0.0,29987.02030981062
2022,4,Rajshahi,MR2,31234.179321204276,0.8402000000000001,30179.401085527206,0,0.0,30179.401085527206
2022,5,Rajshahi,MR2,29575.542899739834,0.8402000000000001,28576.776816015623,0,0.0,28576.776816015623
2022,6,Rajshahi,MR2,30338.77988733485,0.8402000000000001,29314.239290539554,0,0.0,29314.239290539554
2022,7,Rajshahi,MR2,30446.478515142026,0.8402000000000001,29418.30093568568,0,0.0,29418.30093568568
2022,8,Rajshahi,MR2,31679.94427302182,0.8402000000000001,30610.112554921874,0,0.0,30610.112554921874
2022,9,Rajshahi,MR2,32059.5850529088,0.8402000000000001,30976.932865672068,0,0.0,30976.932865672068
2022,10,Rajshahi,MR2,35113.58827636663,0.8402000000000001,33927.80240027373,0,0.0,33927.80240027373
2022,11,Rajshahi,MR2,34976.01647166401,0.8402000000000001,33794.876395415915,0,0.0,33794.876395415915
2022,12,Rajshahi,MR2,33100.21242270445,0.8402000000000001,31982.41824918972,0,0.0,31982.41824918972
2023,1,Rajshahi,MR2,33448.692404714944,0.8236,31680.59452420171,0,0.0,31680.59452420171
2023,2,Rajshahi,MR2,31101.85591921033,0.8236,29457.81181532087,0,0.0,29457.81181532087
2023,3,Rajshahi,MR2,32135.06633726739,0.8236,30436.406730679435,0,0.0,30436.406730679435
2023,4,Rajshahi,MR2,31576.70521098053,0.8236,29907.5605735281,0,0.0,29907.5605735281
2023,5,Rajshahi,MR2,30513.820582116423,0.8236,28900.860026145747,0,0.0,28900.860026145747
2023,6,Rajshahi,MR2,30306.443421086544,0.8236,28704.44482184791,0,0.0,28704.44482184791
2023,7,Rajshahi,MR2,29260.892107855783,0.8236,27714.161351034527,0,0.0,27714.161351034527
2023,8,Rajshahi,MR2,32159.111794353284,0.8236,30459.181144903767,0,0.0,30459.181144903767
2023,9,Rajshahi,MR2,31757.80072188813,0.8236,30079.08337572912,0,0.0,30079.08337572912
2023,10,Rajshahi,MR2,33758.80835499846,0.8236,31974.317745353237,0,0.0,31974.317745353237
2023,11,Rajshahi,MR2,33285.0141028998,0.8236,31525.568257420513,0,0.0,31525.568257420513
2023,12,Rajshahi,MR2,33704.714036127836,0.8236,31923.08285217812,0,0.0,31923.08285217812
2024,1,Rajshahi,MR2,32797.10611309789,0.807,30437.3543282605,0,0.0,30437.3543282605
2024,2,Rajshahi,MR2,32071.69535099788,0.807,29764.13687049358,0,0.0,29764.13687049358
2024,3,Rajshahi,MR2,30095.843813898817,0.807,27930.447851488796,0,0.0,27930.447851488796
2024,4,Rajshahi,MR2,29040.406215303825,0.807,26950.948988112712,0,0.0,26950.948988112712
2024,5,Rajshahi,MR2,28974.747335167056,0.807,26890.014264401787,0,0.0,26890.014264401787
2024,6,Rajshahi,MR2,29651.668414266594,0.807,27518.230871860113,0,0.0,27518.230871860113
2024,7,Rajshahi,MR2,30097.012921376863,0.807,27931.5328416838,1,0.0,20420.8232671542
2024,8,Rajshahi,MR2,31977.675359421297,0.807,29676.881617310934,1,0.0,21696.852731367344
2024,9,Rajshahi,MR2,30536.48545801335,0.807,28339.38532930929,1,0.0,20719.005383262054
2024,10,Rajshahi,MR2,33562.44826530281,0.807,31147.630112614275,1,0.0,22772.121148007955
2024,11,Rajshahi,MR2,33724.60544681422,0.807,31298.120084915932,1,0.0,22882.14479566344
2024,12,Rajshahi,MR2,35791.71867100832,0.807,33216.50451262927,1,0.0,24284.68111827914
2025,1,Rajshahi,MR2,32605.365405069384,0.807,30259.40936417464,1,0.0,22122.740427339573
2025,2,Rajshahi,MR2,30823.594554304236,0.807,28605.836926122047,1,0.0,20913.808905095422
2025,3,Rajshahi,MR2,32079.552727503295,0.807,29771.428908759433,1,0.0,21765.976525610982
2025,4,Rajshahi,MR2,30550.278633041526,0.807,28352.186085394187,1,0.0,20728.36405251867
2025,5,Rajshahi,MR2,30525.328129383877,0.807,28329.030770474707,1,0.0,20711.435135786956
2025,6,Rajshahi,MR2,27823.380438409415,0.807,25821.48821586586,1,0.0,18878.163627460784
2025,7,Rajshahi,MR2,31346.451398746973,0.807,29091.074220607126,1,0.0,21268.567274049816
2025,8,Rajshahi,MR2,31914.32440087025,0.807,29618.088760227638,1,0.0,21653.869105990463
2025,9,Rajshahi,MR2,33359.59615437004,0.807,30959.373211063114,1,0.0,22634.485990740068
2025,10,Rajshahi,MR2,34127.29364806037,0.807,31671.834870082424,1,0.0,23155.368740208956
2025,11,Rajshahi,MR2,34159.987216192516,0.807,31702.176135987465,1,0.0,23177.551326186618
2025,12,Rajshahi,MR2,33725.03653761451,0.807,31298.52015873315,1,0.0,22882.437290771446
2026,1,Rajshahi,MR2,33761.405903894374,0.807,31332.272749109172,0,0.0,31332.272749109172
2026,2,Rajshahi,MR2,33037.47404901373,0.807,30660.42779118719,0,0.0,30660.42779118719
2026,3,Rajshahi,MR2,31561.082977920774,0.807,29290.263057659373,0,331200.0,360490.2630576594
2026,4,Rajshahi,MR2,32636.46430827907,0.807,30288.270701298392,0,331200.0,361488.2707012984
2026,5,Rajshahi,MR2,28972.16881243257,0.807,26887.621266378042,0,331200.0,358087.62126637803
2026,6,Rajshahi,MR2,29170.430611923293,0.807,27071.61812939541,0,331200.0,358271.6181293954
2026,7,Rajshahi,MR2,29255.804538521123,0.807,27150.849401974527,0,0.0,27150.849401974527
2026,8,Rajshahi,MR2,31925.305165219128,0.807,29628.279458581612,0,0.0,29628.279458581612
2026,9,Rajshahi,MR2,32882.447003231595,0.807,30516.55494134908,0,0.0,30516.55494134908
2026,10,Rajshahi,MR2,34420.98093928594,0.807,31944.391360704318,0,0.0,31944.391360704318
2026,11,Rajshahi,MR2,33011.050707689516,0.807,30635.905609271253,0,0.0,30635.905609271253
2026,12,Rajshahi,MR2,33887.99534914611,0.807,31449.754083775053,0,0.0,31449.754083775053
2027,1,Rajshahi,MR2,33090.36494787697,0.807,30709.513189877223,0,0.0,30709.513189877223
2027,2,Rajshahi,MR2,31952.201063200588,0.807,29653.240196703307,0,0.0,29653.240196703307
2027,3,Rajshahi,MR2,29060.12345945972,0.807,26969.247576551592,0,0.0,26969.247576551592
2027,4,Rajshahi,MR2,30185.572402309648,0.807,28013.720467963467,0,0.0,28013.720467963467
2027,5,Rajshahi,MR2,30179.520554706138,0.807,28008.10405079503,0,0.0,28008.10405079503
2027,6,Rajshahi,MR2,29982.399222656462,0.807,27825.16559858633,0,0.0,27825.16559858633
2027,7,Rajshahi,MR2,30322.853707208433,0.807,28141.124382974784,0,0.0,28141.124382974784
2027,8,Rajshahi,MR2,29889.825489142248,0.807,27739.252545198462,0,0.0,27739.252545198462
2027,9,Rajshahi,MR2,31561.67708574415,0.807,29290.81441942486,0,0.0,29290.81441942486
2027,10,Rajshahi,MR2,32555.53477278474,0.807,30213.164045882877,0,0.0,30213.164045882877
2027,11,Rajshahi,MR2,34178.164181469576,0.807,31719.045268612837,0,0.0,31719.045268612837
2027,12,Rajshahi,MR2,33308.06285440082,0.807,30911.54773202668,0,0.0,30911.54773202668
2028,1,Rajshahi,MR2,32332.570461019062,0.807,30006.242016348737,0,0.0,30006.242016348737
2028,2,Rajshahi,MR2,31350.61017868138,0.807,29094.933776325255,0,0.0,29094.933776325255
2028,3,Rajshahi,MR2,29880.852065920586,0.807,27730.924759777598,0,0.0,27730.924759777598
2028,4,Rajshahi,MR2,31957.72729023349,0.807,29658.36881170119,0,0.0,29658.36881170119
2028,5,Rajshahi,MR2,29918.675612887648,0.807,27766.02690254038,0,0.0,27766.02690254038
2028,6,Rajshahi,MR2,28876.308557550845,0.807,26798.658156835063,0,0.0,26798.658156835063
2028,7,Rajshahi,MR2,30896.55742632807,0.807,28673.550119503765,0,0.0,28673.550119503765
2028,8,Rajshahi,MR2,30034.890230161072,0.807,27873.879878100983,0,0.0,27873.879878100983
2028,9,Rajshahi,MR2,33473.23476805517,0.807,31064.8355264936,0,0.0,31064.8355264936
2028,10,Rajshahi,MR2,30972.660328164755,0.807,28744.177417553303,0,0.0,28744.177417553303
2028,11,Rajshahi,MR2,34397.15234036239,0.807,31922.277229473315,0,0.0,31922.277229473315
2028,12,Rajshahi,MR2,34076.49106438768,0.807,31624.687532304983,0,0.0,31624.687532304983
2020,1,Rangpur,MR1,26853.246071488084,0.8808,27200.19001073171,0,0.0,27200.19001073171
2020,2,Rangpur,MR1,29287.97828510853,0.8808,29666.37896455213,0,0.0,29666.37896455213
2020,3,Rangpur,MR1,29663.56352820031,0.8808,30046.816768984656,0,0.0,30046.816768984656
2020,4,Rangpur,MR1,31225.089037614674,0.8808,31628.517187980655,0,0.0,31628.517187980655
2020,5,Rangpur,MR1,30933.36040459808,0.8808,31333.01942102548,0,0.0,31333.01942102548
2020,6,Rangpur,MR1,29957.530173412204,0.8808,30344.58146325269,0,0.0,30344.58146325269
2020,7,Rangpur,MR1,31037.032190398106,0.8808,31438.030646298044,0,0.0,31438.030646298044
2020,8,Rangpur,MR1,28650.429355508117,0.8808,29020.59290278128,0,0.0,29020.59290278128
2020,9,Rangpur,MR1,27544.268404120015,0.8808,27900.140351901242,0,0.0,27900.140351901242
2020,10,Rangpur,MR1,28333.392845998027,0.8808,28699.460281568317,0,0.0,28699.460281568317
2020,11,Rangpur,MR1,25413.65843521121,0.8808,25742.002902194137,0,0.0,25742.002902194137
2020,12,Rangpur,MR1,24953.398008932043,0.8808,25275.795911207446,0,0.0,25275.795911207446
2021,1,Rangpur,MR1,26016.914600805187,0.8756,26197.471988134774,0,0.0,26197.471988134774
2021,2,Rangpur,MR1,26433.34308874326,0.8756,26616.790489779138,0,0.0,26616.790489779138
2021,3,Rangpur,MR1,29434.007245499026,0.8756,29638.27925578279,0,0.0,29638.27925578279
2021,4,Rangpur,MR1,29733.20762837825,0.8756,29939.556089319198,0,0.0,29939.556089319198
2021,5,Rangpur,MR1,31678.79634678219,0.8756,31898.647193428857,0,0.0,31898.647193428857
2021,6,Rangpur,MR1,30682.918240501556,0.8756,30895.85769309064,0,0.0,30895.85769309064
2021,7,Rangpur,MR1,28560.379877496605,0.8756,28758.58891384643,0,0.0,28758.58891384643
2021,8,Rangpur,MR1,29031.94370263759,0.8756,29233.425391933895,0,0.0,29233.425391933895
2021,9,Rangpur,MR1,28564.105237115415,0.8756,28762.340127460993,0,0.0,28762.340127460993
2021,10,Rangpur,MR1,26038.666328438492,0.8756,26219.374672757855,0,0.0,26219.374672757855
2021,11,Rangpur,MR1,26189.35736751893,0.8756,26371.11150764951,0,0.0,26371.11150764951
2021,12,Rangpur,MR1,25213.52284414511,0.8756,25388.504692683477,0,0.0,25388.504692683477
2022,1,Rangpur,MR1,27139.15856427512,0.8704,27165.21215649682,0,0.0,27165.21215649682
2022,2,Rangpur,MR1,26220.14795661424,0.8704,26245.319298652586,0,0.0,26245.319298652586
2022,3,Rangpur,MR1,29391.483379062433,0.8704,29419.699203106327,0,0.0,29419.699203106327
2022,4,Rangpur,MR1,29298.42721385702,0.8704,29326.553703982318,0,0.0,29326.553703982318
2022,5,Rangpur,MR1,31043.33287456101,0.8704,31073.134474120583,0,0.0,31073.134474120583
2022,6,Rangpur,MR1,31399.46432894876,0.8704,31429.60781470455,0,0.0,31429.60781470455
2022,7,Rangpur,MR1,30691.055686251962,0.8704,30720.519099710757,0,0.0,30720.519099710757
2022,8,Rangpur,MR1,28479.399663619624,0.8704,28506.739887296695,0,0.0,28506.739887296695
2022,9,Rangpur,MR1,27549.590894740773,0.8704,27576.03850199972,0,0.0,27576.03850199972
2022,10,Rangpur,MR1,27184.161714673166,0.8704,27210.258509919247,0,0.0,27210.258509919247
2022,11,Rangpur,MR1,26840.099982689317,0.8704,26865.86647867269,0,0.0,26865.86647867269
2022,12,Rangpur,MR1,24486.794436147444,0.8704,24510.30175880614,0,0.0,24510.30175880614
2023,1,Rangpur,MR1,26313.669593352613,0.8652,26181.57497199398,0,0.0,26181.57497199398
2023,2,Rangpur,MR1,29057.507403643496,0.8652,28911.638716477202,0,0.0,28911.638716477202
2023,3,Rangpur,MR1,28122.32634360112,0.8652,27981.152265356235,0,0.0,27981.152265356235
2023,4,Rangpur,MR1,29674.981651508155,0.8652,29526.01324361758,0,0.0,29526.01324361758
2023,5,Rangpur,MR1,30029.58773649772,0.8652,29878.8392060605,0,0.0,29878.8392060605
2023,6,Rangpur,MR1,29115.029017383746,0.8652,28968.871571716478,0,0.0,28968.871571716478
2023,7,Rangpur,MR1,30223.312999665377,0.8652,30071.59196840705,0,0.0,30071.59196840705
2023,8,Rangpur,MR1,28203.05177125054,0.8652,28061.47245135886,0,0.0,28061.47245135886
2023,9,Rangpur,MR1,27572.547109326388,0.8652,27434.132922837565,0,0.0,27434.132922837565
2023,10,Rangpur,MR1,26521.609998135347,0.8652,26388.471515944708,0,0.0,26388.471515944708
2023,11,Rangpur,MR1,27230.181903495246,0.8652,27093.486390339698,0,0.0,27093.486390339698
2023,12,Rangpur,MR1,27715.870478974797,0.8652,27576.73680917034,0,0.0,27576.73680917034
2024,1,Rangpur,MR1,28264.590460126197,0.86,27953.679965064806,0,0.0,27953.679965064806
2024,2,Rangpur,MR1,27352.988599485685,0.86,27052.10572489134,0,0.0,27052.10572489134
2024,3,Rangpur,MR1,28202.54747660119,0.86,27892.319454358578,0,0.0,27892.319454358578
2024,4,Rangpur,MR1,29354.672968161492,0.86,29031.771565511714,0,0.0,29031.771565511714
2024,5,Rangpur,MR1,29024.515404260626,0.86,28705.245734813754,0,0.0,28705.245734813754
2024,6,Rangpur,MR1,29857.858931009087,0.86,29529.422482767986,0,0.0,29529.422482767986
2024,7,Rangpur,MR1,28576.489498608928,0.86,28262.148114124226,1,0.0,19389.148124806154
2024,8,Rangpur,MR1,29393.034630169404,0.86,29069.711249237538,1,0.0,19943.173996569938
2024,9,Rangpur,MR1,26796.10460357422,0.86,26501.3474529349,1,0.0,18181.156973525107
2024,10,Rangpur,MR1,25432.18010136481,0.86,25152.426120249795,1,0.0,17255.734198776023
2024,11,Rangpur,MR1,27147.310000666555,0.86,26848.68959065922,1,0.0,18419.44983545226
2024,12,Rangpur,MR1,25112.441124662,0.86,24836.204272290717,1,0.0,17038.791303083166
2025,1,Rangpur,MR1,26681.21334987375,0.86,26387.720003025137,1,0.0,18103.203257889338
2025,2,Rangpur,MR1,27616.992551424737,0.86,27313.205633359063,1,0.0,18738.129446141684
2025,3,Rangpur,MR1,29601.985166901017,0.86,29276.3633300651,1,0.0,20084.946935742337
2025,4,Rangpur,MR1,28634.659568759635,0.86,28319.67831350328,1,0.0,19428.61651740341
2025,5,Rangpur,MR1,29988.446070107853,0.86,29658.573163336663,1,0.0,20347.160658568177
2025,6,Rangpur,MR1,29016.550875036857,0.86,28697.36881541145,1,0.0,19687.729768712506
2025,7,Rangpur,MR1,27533.810014358576,0.86,27230.938104200628,1,0.0,18681.69009474229
2025,8,Rangpur,MR1,28828.539859616445,0.86,28511.425921160662,1,0.0,19560.164294749757
2025,9,Rangpur,MR1,27694.768196311386,0.86,27390.125746151956,1,0.0,18790.900221197273
2025,10,Rangpur,MR1,24810.164969753736,0.86,24537.25315508644,1,0.0,16833.696931977905
2025,11,Rangpur,MR1,24647.678787428875,0.86,24376.554320767154,1,0.0,16723.45005727049
2025,12,Rangpur,MR1,24488.978312961764,0.86,24219.599551519186,1,0.0,16615.771785344557
2026,1,Rangpur,MR1,25862.19202708792,0.86,25577.70791478995,0,0.0,25577.70791478995
2026,2,Rangpur,MR1,25315.92177454658,0.86,25037.446635026565,0,0.0,25037.446635026565
2026,3,Rangpur,MR1,26305.010863502364,0.86,26015.655744003834,0,232875.0,258890.65574400383
2026,4,Rangpur,MR1,27625.715597253075,0.86,27321.832725683285,0,232875.0,260196.83272568329
2026,5,Rangpur,MR1,29943.84371440046,0.86,29614.461433542052,0,232875.0,262489.4614335421
2026,6,Rangpur,MR1,29040.95347489018,0.86,28721.502986666383,0,232875.0,261596.5029866664
2026,7,Rangpur,MR1,27649.21713424492,0.86,27345.07574576822,0,0.0,27345.07574576822
2026,8,Rangpur,MR1,27636.478604811084,0.86,27332.47734015816,0,0.0,27332.47734015816
2026,9,Rangpur,MR1,27795.570582259912,0.86,27489.819305855053,0,0.0,27489.819305855053
2026,10,Rangpur,MR1,25701.398068342052,0.86,25418.68268959029,0,0.0,25418.68268959029
2026,11,Rangpur,MR1,25898.412696865627,0.86,25613.530157200104,0,0.0,25613.530157200104
2026,12,Rangpur,MR1,25303.127893320816,0.86,25024.793486494284,0,0.0,25024.793486494284
2027,1,Rangpur,MR1,25302.932954017524,0.86,25024.60069152333,0,0.0,25024.60069152333
2027,2,Rangpur,MR1,26263.60838470753,0.86,25974.70869247575,0,0.0,25974.70869247575
2027,3,Rangpur,MR1,25421.94458110234,0.86,25142.303190710212,0,0.0,25142.303190710212
2027,4,Rangpur,MR1,27410.804679382407,0.86,27109.2858279092,0,0.0,27109.2858279092
2027,5,Rangpur,MR1,29195.986453000438,0.86,28874.830602017428,0,0.0,28874.830602017428
2027,6,Rangpur,MR1,29455.73684621424,0.86,29131.723740905883,0,0.0,29131.723740905883
2027,7,Rangpur,MR1,28289.452483739416,0.86,27978.26850641828,0,0.0,27978.26850641828
2027,8,Rangpur,MR1,27392.325491080086,0.86,27091.009910678204,0,0.0,27091.009910678204
2027,9,Rangpur,MR1,25209.7186299303,0.86,24932.411725001064,0,0.0,24932.411725001064
2027,10,Rangpur,MR1,27063.50817994579,0.86,26765.809589966386,0,0.0,26765.809589966386
2027,11,Rangpur,MR1,24447.121622827934,0.86,24178.203284976822,0,0.0,24178.203284976822
2027,12,Rangpur,MR1,25484.65822619148,0.86,25204.326985703374,0,0.0,25204.326985703374
2028,1,Rangpur,MR1,25268.027464613897,0.86,24990.07916250314,0,0.0,24990.07916250314
2028,2,Rangpur,MR1,25687.090253158283,0.86,25404.53226037354,0,0.0,25404.53226037354
2028,3,Rangpur,MR1,26335.03345429917,0.86,26045.348086301878,0,0.0,26045.348086301878
2028,4,Rangpur,MR1,27084.15566535039,0.86,26786.229953031536,0,0.0,26786.229953031536
2028,5,Rangpur,MR1,27721.700630978696,0.86,27416.761924037928,0,0.0,27416.761924037928
2028,6,Rangpur,MR1,26117.147057418777,0.86,25829.858439787167,0,0.0,25829.858439787167
2028,7,Rangpur,MR1,26960.09496854177,0.86,26663.533923887808,0,0.0,26663.533923887808
2028,8,Rangpur,MR1,27719.34566220609,0.86,27414.43285992182,0,0.0,27414.43285992182
2028,9,Rangpur,MR1,26813.80200074005,0.86,26518.850178731904,0,0.0,26518.850178731904
2020,4,Rangpur,MR2,28193.722097226586,0.8734000000000001,28318.056411675352,0,0.0,28318.056411675352
2020,5,Rangpur,MR2,27207.186935712234,0.8734000000000001,27327.170630098724,0,0.0,27327.170630098724
2020,6,Rangpur,MR2,28297.397872943202,0.8734000000000001,28422.18939756288,0,0.0,28422.18939756288
2020,7,Rangpur,MR2,26853.246071488084,0.8734000000000001,26971.66888666335,0,0.0,26971.66888666335
2020,8,Rangpur,MR2,29287.97828510853,0.8734000000000001,29417.138269345858,0,0.0,29417.138269345858
2020,9,Rangpur,MR2,29663.56352820031,0.8734000000000001,29794.379843359675,0,0.0,29794.379843359675
2020,10,Rangpur,MR2,31225.089037614674,0.8734000000000001,31362.791680270555,0,0.0,31362.791680270555
2020,11,Rangpur,MR2,30933.36040459808,0.8734000000000001,31069.776523982357,0,0.0,31069.776523982357
2020,12,Rangpur,MR2,29957.530173412204,0.8734000000000001,30089.642881476953,0,0.0,30089.642881476953
2021,1,Rangpur,MR2,31037.032190398106,0.8568,30581.40855784306,0,0.0,30581.40855784306
2021,2,Rangpur,MR2,28650.429355508117,0.8568,28229.841052569252,0,0.0,28229.841052569252
2021,3,Rangpur,MR2,27544.268404120015,0.8568,27139.918543947533,0,0.0,27139.918543947533
2021,4,Rangpur,MR2,28333.392845998027,0.8568,27917.458639018772,0,0.0,27917.458639018772
2021,5,Rangpur,MR2,25413.65843521121,0.8568,25040.58592938231,0,0.0,25040.58592938231
2021,6,Rangpur,MR2,24953.398008932043,0.8568,24587.08212616092,0,0.0,24587.08212616092
2021,7,Rangpur,MR2,26016.914600805187,0.8568,25634.98629446536,0,0.0,25634.98629446536
2021,8,Rangpur,MR2,26433.34308874326,0.8568,26045.301612200503,0,0.0,26045.301612200503
2021,9,Rangpur,MR2,29434.007245499026,0.8568,29001.916019135097,0,0.0,29001.916019135097
2021,10,Rangpur,MR2,29733.20762837825,0.8568,29296.724140393657,0,0.0,29296.724140393657
2021,11,Rangpur,MR2,31678.79634678219,0.8568,31213.751616411424,0,0.0,31213.751616411424
2021,12,Rangpur,MR2,30682.918240501556,0.8568,30232.493000730992,0,0.0,30232.493000730992
2022,1,Rangpur,MR2,28560.379877496605,0.8402000000000001,27595.895849033543,0,0.0,27595.895849033543
2022,2,Rangpur,MR2,29031.94370263759,0.8402000000000001,28051.534963799517,0,0.0,28051.534963799517
2022,3,Rangpur,MR2,28564.105237115415,0.8402000000000001,27599.495403258024,0,0.0,27599.495403258024
2022,4,Rangpur,MR2,26038.666328438492,0.8402000000000001,25159.340566527124,0,0.0,25159.340566527124
2022,5,Rangpur,MR2,26189.35736751893,0.8402000000000001,25304.942769217814,0,0.0,25304.942769217814
2022,6,Rangpur,MR2,25213.52284414511,0.8402000000000001,24362.06217769833,0,0.0,24362.06217769833
2022,7,Rangpur,MR2,27139.15856427512,0.8402000000000001,26222.669179559547,0,0.0,26222.669179559547
2022,8,Rangpur,MR2,26220.14795661424,0.8402000000000001,25334.693560119376,0,0.0,25334.693560119376
2022,9,Rangpur,MR2,29391.483379062433,0.8402000000000001,28398.932985351494,0,0.0,28398.932985351494
2022,10,Rangpur,MR2,29298.42721385702,0.8402000000000001,28309.019326845068,0,0.0,28309.019326845068
2022,11,Rangpur,MR2,31043.33287456101,0.8402000000000001,29994.999523387083,0,0.0,29994.999523387083
2022,12,Rangpur,MR2,31399.46432894876,0.8402000000000001,30339.10441856016,0,0.0,30339.10441856016
2023,1,Rangpur,MR2,30691.055686251962,0.8236,29068.72648267668,0,0.0,29068.72648267668
2023,2,Rangpur,MR2,28479.399663619624,0.8236,26973.978597400688,0,0.0,26973.978597400688
2023,3,Rangpur,MR2,27549.590894740773,0.8236,26093.319520044774,0,0.0,26093.319520044774
2023,4,Rangpur,MR2,27184.161714673166,0.8236,25747.20692643554,0,0.0,25747.20692643554
2023,5,Rangpur,MR2,26840.099982689317,0.8236,25421.332297604356,0,0.0,25421.332297604356
2023,6,Rangpur,MR2,24486.794436147444,0.8236,23192.422482252685,0,0.0,23192.422482252685
2023,7,Rangpur,MR2,26313.669593352613,0.8236,24922.729018647995,0,0.0,24922.729018647995
2023,8,Rangpur,MR2,29057.507403643496,0.8236,27521.527562286898,0,0.0,27521.527562286898
2023,9,Rangpur,MR2,28122.32634360112,0.8236,26635.78017307836,0,0.0,26635.78017307836
2023,10,Rangpur,MR2,29674.981651508155,0.8236,28106.362121409435,0,0.0,28106.362121409435
2023,11,Rangpur,MR2,30029.58773649772,0.8236,28442.22372874645,0,0.0,28442.22372874645
2023,12,Rangpur,MR2,29115.029017383746,0.8236,27576.00858352484,0,0.0,27576.00858352484
2024,1,Rangpur,MR2,30223.312999665377,0.807,28048.745629339453,0,0.0,28048.745629339453
2024,2,Rangpur,MR2,28203.05177125054,0.807,26173.842196309062,0,0.0,26173.842196309062
2024,3,Rangpur,MR2,27572.547109326388,0.807,25588.702344810354,0,0.0,25588.702344810354
2024,4,Rangpur,MR2,26521.609998135347,0.807,24613.38015876951,0,0.0,24613.38015876951
2024,5,Rangpur,MR2,27230.181903495246,0.807,25270.970315538765,0,0.0,25270.970315538765
2024,6,Rangpur,MR2,27715.870478974797,0.807,25721.71359801256,0,0.0,25721.71359801256
2024,7,Rangpur,MR2,28264.590460126197,0.807,26230.953176520114,1,0.0,19177.52462719562
2024,8,Rangpur,MR2,27352.988599485685,0.807,25384.94106975269,1,0.0,18559.002764751036
2024,9,Rangpur,MR2,28202.54747660119,0.807,26173.374185659733,1,0.0,19135.428462873904
2024,10,Rangpur,MR2,29354.672968161492,0.807,27242.604248102274,1,0.0,19917.14560889757
2024,11,Rangpur,MR2,29024.515404260626,0.807,26936.20152092407,1,0.0,19693.13370179083
2024,12,Rangpur,MR2,29857.858931009087,0.807,27709.58598092298,1,0.0,20258.55728468966
2025,1,Rangpur,MR2,28576.489498608928,0.807,26520.411079184018,1,0.0,19389.148124806157
2025,2,Rangpur,MR2,29393.034630169404,0.807,27278.205788528718,1,0.0,19943.173996569938
2025,3,Rangpur,MR2,26796.10460357422,0.807,24868.12487734705,1,0.0,18181.156973525103
2025,4,Rangpur,MR2,25432.18010136481,0.807,23602.33474307161,1,0.0,17255.73419877602
2025,5,Rangpur,MR2,27147.310000666555,0.807,25194.061046118597,1,0.0,18419.449835452255
2025,6,Rangpur,MR2,25112.441124662,0.807,23305.60098574257,1,0.0,17038.791303083166
2025,7,Rangpur,MR2,26681.21334987375,0.807,24761.500049350332,1,0.0,18103.203257889334
2025,8,Rangpur,MR2,27616.992551424737,0.807,25629.949937349727,1,0.0,18738.12944614168
2025,9,Rangpur,MR2,29601.985166901017,0.807,27472.12233414249,1,0.0,20084.946935742337
2025,10,Rangpur,MR2,28634.659568759635,0.807,26574.395812787378,1,0.0,19428.616517403407
2025,11,Rangpur,MR2,29988.446070107853,0.807,27830.777375363596,1,0.0,20347.160658568177
2025,12,Rangpur,MR2,29016.550875036857,0.807,26928.810039577955,1,0.0,19687.729768712503
2026,1,Rangpur,MR2,27533.810014358576,0.807,25552.752383825475,0,0.0,25552.752383825475
2026,2,Rangpur,MR2,28828.539859616445,0.807,26754.326416717042,0,0.0,26754.326416717042
2026,3,Rangpur,MR2,27694.768196311386,0.807,25702.12962458678,0,155250.0,180952.12962458679
2026,4,Rangpur,MR2,24810.164969753736,0.807,23025.073600179956,0,155250.0,178275.07360017995
2026,5,Rangpur,MR2,24647.678787428875,0.807,22874.278298673365,0,155250.0,178124.27829867337
2026,6,Rangpur,MR2,24488.978312961764,0.807,22726.996323344163,0,155250.0,177976.99632334415
2026,7,Rangpur,MR2,25862.19202708792,0.807,24001.407310738945,0,0.0,24001.407310738945
2026,8,Rangpur,MR2,25315.92177454658,0.807,23494.441202867954,0,0.0,23494.441202867954
2026,9,Rangpur,MR2,26305.010863502364,0.807,24412.36533187337,0,0.0,24412.36533187337
2026,10,Rangpur,MR2,27625.715597253075,0.807,25638.045360030716,0,0.0,25638.045360030716
2026,11,Rangpur,MR2,29943.84371440046,0.807,27789.384159149347,0,0.0,27789.384159149347
2026,12,Rangpur,MR2,29040.95347489018,0.807,26951.45687237183,0,0.0,26951.45687237183
2027,1,Rangpur,MR2,27649.21713424492,0.807,25659.855961435995,0,0.0,25659.855961435995
2027,2,Rangpur,MR2,27636.478604811084,0.807,25648.033969194927,0,0.0,25648.033969194927
2027,3,Rangpur,MR2,27795.570582259912,0.807,25795.679278866308,0,0.0,25795.679278866308
2027,4,Rangpur,MR2,25701.398068342052,0.807,23852.18247732484,0,0.0,23852.18247732484
2027,5,Rangpur,MR2,25898.412696865627,0.807,24035.021903326146,0,0.0,24035.021903326146
2027,6,Rangpur,MR2,25303.127893320816,0.807,23482.567841396383,0,0.0,23482.567841396383
2027,7,Rangpur,MR2,25302.932954017524,0.807,23482.38692797596,0,0.0,23482.38692797596
2027,8,Rangpur,MR2,26263.60838470753,0.807,24373.94176142782,0,0.0,24373.94176142782
2027,9,Rangpur,MR2,25421.94458110234,0.807,23592.835668492025,0,0.0,23592.835668492025
2027,10,Rangpur,MR2,27410.804679382407,0.807,25438.59728270084,0,0.0,25438.59728270084
2027,11,Rangpur,MR2,29195.986453000438,0.807,27095.33522770706,0,0.0,27095.33522770706
2027,12,Rangpur,MR2,29455.73684621424,0.807,27336.396580129127,0,0.0,27336.396580129127
2028,1,Rangpur,MR2,28289.452483739416,0.807,26254.026377534366,0,0.0,26254.026377534366
2028,2,Rangpur,MR2,27392.325491080086,0.807,25421.447671996873,0,0.0,25421.447671996873
2028,3,Rangpur,MR2,25209.7186299303,0.807,23395.879374506814,0,0.0,23395.879374506814
2028,4,Rangpur,MR2,27063.50817994579,0.807,25116.28876639869,0,0.0,25116.28876639869
2028,5,Rangpur,MR2,24447.121622827934,0.807,22688.151222065462,0,0.0,22688.151222065462
2028,6,Rangpur,MR2,25484.65822619148,0.807,23651.037066817004,0,0.0,23651.037066817004
2028,7,Rangpur,MR2,25268.027464613897,0.807,23449.992888534925,0,0.0,23449.992888534925
2028,8,Rangpur,MR2,25687.090253158283,0.807,23838.90410944354,0,0.0,23838.90410944354
2028,9,Rangpur,MR2,26335.03345429917,0.807,24440.22779726234,0,0.0,24440.22779726234
2028,10,Rangpur,MR2,27084.15566535039,0.807,25135.45066522843,0,0.0,25135.45066522843
2028,11,Rangpur,MR2,27721.700630978696,0.807,25727.124270579778,0,0.0,25727.124270579778
2028,12,Rangpur,MR2,26117.147057418777,0.807,24238.018326637495,0,0.0,24238.018326637495
2020,1,Sylhet,MR1,16461.590161277127,0.8808,16674.273906160826,0,0.0,16674.273906160826
2020,2,Sylhet,MR1,17875.626312929602,0.8808,18106.57940489265,0,0.0,18106.57940489265
2020,3,Sylhet,MR1,18476.22804248693,0.8808,18714.94090879586,0,0.0,18714.94090879586
2020,4,Sylhet,MR1,18086.402609143246,0.8808,18320.078930853375,0,0.0,18320.078930853375
2020,5,Sylhet,MR1,18802.603224061397,0.8808,19045.53285771627,0,0.0,19045.53285771627
2020,6,Sylhet,MR1,20173.65003547953,0.8808,20434.293593937928,0,0.0,20434.293593937928
2020,7,Sylhet,MR1,18328.969886708102,0.8808,18565.78017764437,0,0.0,18565.78017764437
2020,8,Sylhet,MR1,16973.46929173565,0.8808,17192.766514984876,0,0.0,17192.766514984876
2020,9,Sylhet,MR1,17088.274353792036,0.8808,17309.05485844303,0,0.0,17309.05485844303
2020,10,Sylhet,MR1,17417.938206743438,0.8808,17642.977968374562,0,0.0,17642.977968374562
2020,11,Sylhet,MR1,15955.267532182306,0.8808,16161.409588698101,0,0.0,16161.409588698101
2020,12,Sylhet,MR1,15883.993933160958,0.8808,16089.215134777398,0,0.0,16089.215134777398
2021,1,Sylhet,MR1,16719.01250498291,0.8756,16835.04245176749,0,0.0,16835.04245176749
2021,2,Sylhet,MR1,17178.108689288776,0.8756,17297.32476359244,0,0.0,17297.32476359244
2021,3,Sylhet,MR1,16789.25485408027,0.8756,16905.772282767586,0,0.0,16905.772282767586
2021,4,Sylhet,MR1,18502.273807591577,0.8756,18630.679587816263,0,0.0,18630.679587816263
2021,5,Sylhet,MR1,19668.740566360422,0.8756,19805.24162589096,0,0.0,19805.24162589096
2021,6,Sylhet,MR1,18424.550546120125,0.8756,18552.4169269102,0,0.0,18552.4169269102
2021,7,Sylhet,MR1,18803.670513506957,0.8756,18934.167986870692,0,0.0,18934.167986870692
2021,8,Sylhet,MR1,17252.647995646512,0.8756,17372.381372736298,0,0.0,17372.381372736298
2021,9,Sylhet,MR1,17488.083696068366,0.8756,17609.45099691908,0,0.0,17609.45099691908
2021,10,Sylhet,MR1,17136.411367796474,0.8756,17255.33806268898,0,0.0,17255.33806268898
2021,11,Sylhet,MR1,17147.441020980194,0.8756,17266.444261665794,0,0.0,17266.444261665794
2021,12,Sylhet,MR1,16532.938537879814,0.8756,16647.6771313327,0,0.0,16647.6771313327
2022,1,Sylhet,MR1,16675.10331020559,0.8704,16691.111409383386,0,0.0,16691.111409383386
2022,2,Sylhet,MR1,17360.74967482519,0.8704,17377.41599451302,0,0.0,17377.41599451302
2022,3,Sylhet,MR1,18274.56330990131,0.8704,18292.106890678813,0,0.0,18292.106890678813
2022,4,Sylhet,MR1,17837.64556341391,0.8704,17854.769703154783,0,0.0,17854.769703154783
2022,5,Sylhet,MR1,19919.214113233542,0.8704,19938.336558782245,0,0.0,19938.336558782245
2022,6,Sylhet,MR1,18817.389395315487,0.8704,18835.45408913499,0,0.0,18835.45408913499
2022,7,Sylhet,MR1,17983.063216145107,0.8704,18000.326956832603,0,0.0,18000.326956832603
2022,8,Sylhet,MR1,17833.86409405895,0.8704,17850.984603589244,0,0.0,17850.984603589244
2022,9,Sylhet,MR1,17733.961068062512,0.8704,17750.98567068785,0,0.0,17750.98567068785
2022,10,Sylhet,MR1,17349.47227576669,0.8704,17366.127769151422,0,0.0,17366.127769151422
2022,11,Sylhet,MR1,16434.77433003897,0.8704,16450.551713395806,0,0.0,16450.551713395806
2022,12,Sylhet,MR1,15374.649512493468,0.8704,15389.40917602546,0,0.0,15389.40917602546
2023,1,Sylhet,MR1,16995.64130612056,0.8652,16910.32318676383,0,0.0,16910.32318676383
2023,2,Sylhet,MR1,17206.55655069643,0.8652,17120.179636811932,0,0.0,17120.179636811932
2023,3,Sylhet,MR1,17478.994241485245,0.8652,17391.249690392986,0,0.0,17391.249690392986
2023,4,Sylhet,MR1,18395.873491720926,0.8652,18303.526206792485,0,0.0,18303.526206792485
2023,5,Sylhet,MR1,18190.88300163699,0.8652,18099.564768968772,0,0.0,18099.564768968772
2023,6,Sylhet,MR1,19485.700567681997,0.8652,19387.88235083223,0,0.0,19387.88235083223
2023,7,Sylhet,MR1,17948.19591098863,0.8652,17858.095967515466,0,0.0,17858.095967515466
2023,8,Sylhet,MR1,17214.298243919282,0.8652,17127.882466734805,0,0.0,17127.882466734805
2023,9,Sylhet,MR1,16689.88373649477,0.8652,16606.100520137563,0,0.0,16606.100520137563
2023,10,Sylhet,MR1,16866.266026583497,0.8652,16781.597371130047,0,0.0,16781.597371130047
2023,11,Sylhet,MR1,17801.99998153028,0.8652,17712.633941622997,0,0.0,17712.633941622997
2023,12,Sylhet,MR1,16160.106748660259,0.8652,16078.983012781982,0,0.0,16078.983012781982
2024,1,Sylhet,MR1,16731.197661421054,0.86,16547.15448714542,0,0.0,16547.15448714542
2024,2,Sylhet,MR1,17347.21518481686,0.86,17156.395817783876,0,0.0,17156.395817783876
2024,3,Sylhet,MR1,16574.80186136266,0.86,16392.47904088767,0,0.0,16392.47904088767
2024,4,Sylhet,MR1,17285.757034403465,0.86,17095.613707025026,0,0.0,17095.613707025026
2024,5,Sylhet,MR1,18495.75378960241,0.86,18292.30049791678,0,0.0,18292.30049791678
2024,6,Sylhet,MR1,19210.782309157195,0.86,18999.463703756468,0,0.0,18999.463703756468
2024,7,Sylhet,MR1,18411.475356186376,0.86,18208.949127268323,1,0.0,12492.186029172453
2024,8,Sylhet,MR1,17893.809958802805,0.86,17696.978049255973,1,0.0,12140.950057047703
2024,9,Sylhet,MR1,17387.728069485525,0.86,17196.463060721184,1,0.0,11797.573495145929
2024,10,Sylhet,MR1,16356.541509714636,0.86,16176.619553107774,1,0.0,11097.91341434138
2024,11,Sylhet,MR1,15932.220704501207,0.86,15756.966276751693,1,0.0,10810.011748004068
2024,12,Sylhet,MR1,16283.301770200118,0.86,16104.185450727915,1,0.0,11048.220251080778
2025,1,Sylhet,MR1,17542.52191490579,0.86,17349.554173841825,1,0.0,11902.601119263578
2025,2,Sylhet,MR1,16364.133321606843,0.86,16184.127855069166,1,0.0,11103.064458710242
2025,3,Sylhet,MR1,17896.22382308783,0.86,17699.365361033862,1,0.0,12142.587863965091
2025,4,Sylhet,MR1,18498.04561285956,0.86,18294.567111118104,1,0.0,12550.923948325211
2025,5,Sylhet,MR1,19055.199498687914,0.86,18845.592304202346,1,0.0,12928.952859859748
2025,6,Sylhet,MR1,18395.011974731984,0.86,18192.66684300993,1,0.0,12481.01562485565
2025,7,Sylhet,MR1,17524.57881833909,0.86,17331.808451337358,1,0.0,11890.426728243072
2025,8,Sylhet,MR1,18442.264687148738,0.86,18239.3997755901,1,0.0,12513.076590230417
2025,9,Sylhet,MR1,16725.86863722399,0.86,16541.884082214525,1,0.0,11348.501870356477
2025,10,Sylhet,MR1,16478.062937423514,0.86,16296.804245111854,1,0.0,11180.365703041854
2025,11,Sylhet,MR1,16859.799835361853,0.86,16674.34203717287,1,0.0,11439.374188293017
2025,12,Sylhet,MR1,15115.41895903425,0.86,14949.149350484873,1,0.0,10255.811763704738
2026,1,Sylhet,MR1,16662.525033092486,0.86,16479.237257728466,0,0.0,16479.237257728466
2026,2,Sylhet,MR1,18221.292744185706,0.86,18020.85852399966,0,0.0,18020.85852399966
2026,3,Sylhet,MR1,17763.085179664642,0.86,17567.69124268833,0,186300.0,203867.69124268834
2026,4,Sylhet,MR1,18146.227365950155,0.86,17946.6188649247,0,186300.0,204246.6188649247
2026,5,Sylhet,MR1,19125.447016364935,0.86,18915.06709918492,0,186300.0,205215.0670991849
2026,6,Sylhet,MR1,18950.747350950554,0.86,18742.289130090096,0,186300.0,205042.2891300901
2026,7,Sylhet,MR1,18595.201296998745,0.86,18390.65408273176,0,0.0,18390.65408273176
2026,8,Sylhet,MR1,18294.2904880379,0.86,18093.05329266948,0,0.0,18093.05329266948
2026,9,Sylhet,MR1,16853.16345350614,0.86,16667.77865551757,0,0.0,16667.77865551757
2026,10,Sylhet,MR1,16663.37160986752,0.86,16480.074522158975,0,0.0,16480.074522158975
2026,11,Sylhet,MR1,16429.033683916656,0.86,16248.31431339357,0,0.0,16248.31431339357
2026,12,Sylhet,MR1,16098.572611210362,0.86,15921.488312487047,0,0.0,15921.488312487047
2027,1,Sylhet,MR1,15477.674088207144,0.86,15307.419673236864,0,0.0,15307.419673236864
2027,2,Sylhet,MR1,17045.616508170344,0.86,16858.11472658047,0,0.0,16858.11472658047
2027,3,Sylhet,MR1,18263.996492442966,0.86,18063.09253102609,0,0.0,18063.09253102609
2027,4,Sylhet,MR1,18857.141752216176,0.86,18649.713192941796,0,0.0,18649.713192941796
2027,5,Sylhet,MR1,17988.780553797646,0.86,17790.90396770587,0,0.0,17790.90396770587
2027,6,Sylhet,MR1,17978.268728998304,0.86,17780.507772979323,0,0.0,17780.507772979323
2027,7,Sylhet,MR1,18848.0303858653,0.86,18640.702051620778,0,0.0,18640.702051620778
2027,8,Sylhet,MR1,16983.82899306769,0.86,16797.006874143943,0,0.0,16797.006874143943
2027,9,Sylhet,MR1,16691.91003722931,0.86,16508.299026819786,0,0.0,16508.299026819786
2027,10,Sylhet,MR1,15867.322915497454,0.86,15692.78236342698,0,0.0,15692.78236342698
2027,11,Sylhet,MR1,15771.089238846773,0.86,15597.607257219457,0,0.0,15597.607257219457
2027,12,Sylhet,MR1,16082.54341795664,0.86,15905.635440359116,0,0.0,15905.635440359116
2028,1,Sylhet,MR1,16518.790116998454,0.86,16337.08342571147,0,0.0,16337.08342571147
2028,2,Sylhet,MR1,16523.87831744202,0.86,16342.115655950158,0,0.0,16342.115655950158
2028,3,Sylhet,MR1,18235.850968334034,0.86,18035.256607682357,0,0.0,18035.256607682357
2028,4,Sylhet,MR1,18585.980026223984,0.86,18381.53424593552,0,0.0,18381.53424593552
2028,5,Sylhet,MR1,18677.669965980534,0.86,18472.215596354745,0,0.0,18472.215596354745
2028,6,Sylhet,MR1,18823.39950430501,0.86,18616.34210975765,0,0.0,18616.34210975765
2028,7,Sylhet,MR1,17605.57144762538,0.86,17411.9101617015,0,0.0,17411.9101617015
2028,8,Sylhet,MR1,17884.820829260912,0.86,17688.08780013904,0,0.0,17688.08780013904
2028,9,Sylhet,MR1,17700.96821642766,0.86,17506.257566046956,0,0.0,17506.257566046956
2020,4,Sylhet,MR2,16933.41983524356,0.8734000000000001,17008.096216716982,0,0.0,17008.096216716982
2020,5,Sylhet,MR2,16130.911956000004,0.8734000000000001,16202.049277725964,0,0.0,16202.049277725964
2020,6,Sylhet,MR2,17262.869487365253,0.8734000000000001,17338.998741804535,0,0.0,17338.998741804535
2020,7,Sylhet,MR2,16461.590161277127,0.8734000000000001,16534.18577388836,0,0.0,16534.18577388836
2020,8,Sylhet,MR2,17875.626312929602,0.8734000000000001,17954.457824969624,0,0.0,17954.457824969624
2020,9,Sylhet,MR2,18476.22804248693,0.8734000000000001,18557.708208154298,0,0.0,18557.708208154298
2020,10,Sylhet,MR2,18086.402609143246,0.8734000000000001,18166.16364464957,0,0.0,18166.16364464957
2020,11,Sylhet,MR2,18802.603224061397,0.8734000000000001,18885.52270427951,0,0.0,18885.52270427951
2020,12,Sylhet,MR2,20173.65003547953,0.8734000000000001,20262.615832135994,0,0.0,20262.615832135994
2021,1,Sylhet,MR2,18328.969886708102,0.8568,18059.900608771226,0,0.0,18059.900608771226
2021,2,Sylhet,MR2,16973.46929173565,0.8568,16724.29876253297,0,0.0,16724.29876253297
2021,3,Sylhet,MR2,17088.274353792036,0.8568,16837.41848627837,0,0.0,16837.41848627837
2021,4,Sylhet,MR2,17417.938206743438,0.8568,17162.242873868443,0,0.0,17162.242873868443
2021,5,Sylhet,MR2,15955.267532182306,0.8568,15721.044204809868,0,0.0,15721.044204809868
2021,6,Sylhet,MR2,15883.993933160958,0.8568,15650.816902222155,0,0.0,15650.816902222155
2021,7,Sylhet,MR2,16719.01250498291,0.8568,16473.577401409762,0,0.0,16473.577401409762
2021,8,Sylhet,MR2,17178.108689288776,0.8568,16925.934053730016,0,0.0,16925.934053730016
2021,9,Sylhet,MR2,16789.25485408027,0.8568,16542.78859282237,0,0.0,16542.78859282237
2021,10,Sylhet,MR2,18502.273807591577,0.8568,18230.660428096133,0,0.0,18230.660428096133
2021,11,Sylhet,MR2,19668.740566360422,0.8568,19380.00345484625,0,0.0,19380.00345484625
2021,12,Sylhet,MR2,18424.550546120125,0.8568,18154.07814410308,0,0.0,18154.07814410308
2022,1,Sylhet,MR2,18803.670513506957,0.8402000000000001,18168.670560265826,0,0.0,18168.670560265826
2022,2,Sylhet,MR2,17252.647995646512,0.8402000000000001,16670.026072833527,0,0.0,16670.026072833527
2022,3,Sylhet,MR2,17488.083696068366,0.8402000000000001,16897.51110965214,0,0.0,16897.51110965214
2022,4,Sylhet,MR2,17136.411367796474,0.8402000000000001,16557.71475590599,0,0.0,16557.71475590599
2022,5,Sylhet,MR2,17147.441020980194,0.8402000000000001,16568.371937701693,0,0.0,16568.371937701693
2022,6,Sylhet,MR2,16532.938537879814,0.8402000000000001,15974.621203455612,0,0.0,15974.621203455612
2022,7,Sylhet,MR2,16675.10331020559,0.8402000000000001,16111.98507141995,0,0.0,16111.98507141995
2022,8,Sylhet,MR2,17360.74967482519,0.8402000000000001,16774.477158306345,0,0.0,16774.477158306345
2022,9,Sylhet,MR2,18274.56330990131,0.8402000000000001,17657.431306925944,0,0.0,17657.431306925944
2022,10,Sylhet,MR2,17837.64556341391,0.8402000000000001,17235.268272737423,0,0.0,17235.268272737423
2022,11,Sylhet,MR2,19919.214113233542,0.8402000000000001,19246.542252629646,0,0.0,19246.542252629646
2022,12,Sylhet,MR2,18817.389395315487,0.8402000000000001,18181.926155435685,0,0.0,18181.926155435685
2023,1,Sylhet,MR2,17983.063216145107,0.8236,17032.478494539675,0,0.0,17032.478494539675
2023,2,Sylhet,MR2,17833.86409405895,0.8236,16891.16603804699,0,0.0,16891.16603804699
2023,3,Sylhet,MR2,17733.961068062512,0.8236,16796.543886004725,0,0.0,16796.543886004725
2023,4,Sylhet,MR2,17349.47227576669,0.8236,16432.379171269662,0,0.0,16432.379171269662
2023,5,Sylhet,MR2,16434.77433003897,0.8236,15566.032158953109,0,0.0,15566.032158953109
2023,6,Sylhet,MR2,15374.649512493468,0.8236,14561.945539263063,0,0.0,14561.945539263063
2023,7,Sylhet,MR2,16995.64130612056,0.8236,16097.251706679026,0,0.0,16097.251706679026
2023,8,Sylhet,MR2,17206.55655069643,0.8236,16297.017971426616,0,0.0,16297.017971426616
2023,9,Sylhet,MR2,17478.994241485245,0.8236,16555.054605880334,0,0.0,16555.054605880334
2023,10,Sylhet,MR2,18395.873491720926,0.8236,17423.467618948554,0,0.0,17423.467618948554
2023,11,Sylhet,MR2,18190.88300163699,0.8236,17229.31292617046,0,0.0,17229.31292617046
2023,12,Sylhet,MR2,19485.700567681997,0.8236,18455.686435674328,0,0.0,18455.686435674328
2024,1,Sylhet,MR2,17948.19591098863,0.807,16656.823215193,0,0.0,16656.823215193
2024,2,Sylhet,MR2,17214.298243919282,0.807,15975.72948526929,0,0.0,15975.72948526929
2024,3,Sylhet,MR2,16689.88373649477,0.807,15489.04660165397,0,0.0,15489.04660165397
2024,4,Sylhet,MR2,16866.266026583497,0.807,15652.738185970813,0,0.0,15652.738185970813
2024,5,Sylhet,MR2,17801.99998153028,0.807,16521.146082859177,0,0.0,16521.146082859177
2024,6,Sylhet,MR2,16160.106748660259,0.807,14997.387068094153,0,0.0,14997.387068094153
2024,7,Sylhet,MR2,16731.197661421054,0.807,15527.387989681809,1,0.0,11352.117613274184
2024,8,Sylhet,MR2,17347.21518481686,0.807,16099.083052269289,1,0.0,11770.085502898239
2024,9,Sylhet,MR2,16574.80186136266,0.807,15382.244867437616,1,0.0,11246.003062934562
2024,10,Sylhet,MR2,17285.757034403465,0.807,16042.046815778136,1,0.0,11728.38614784275
2024,11,Sylhet,MR2,18495.75378960241,0.807,17164.984304440517,1,0.0,12549.368946245233
2024,12,Sylhet,MR2,19210.782309157195,0.807,17828.566522013334,1,0.0,13034.515796763155
2025,1,Sylhet,MR2,18411.475356186376,0.807,17086.769704308765,1,0.0,12492.186029172453
2025,2,Sylhet,MR2,17893.809958802805,0.807,16606.350332266942,1,0.0,12140.950057047701
2025,3,Sylhet,MR2,17387.728069485525,0.807,16136.681034886042,1,0.0,11797.573495145927
2025,4,Sylhet,MR2,16356.541509714636,0.807,15179.688348090667,1,0.0,11097.913414341378
2025,5,Sylhet,MR2,15932.220704501207,0.807,14785.897424812345,1,0.0,10810.011748004066
2025,6,Sylhet,MR2,16283.301770200118,0.807,15111.71820783422,1,0.0,11048.220251080778
2025,7,Sylhet,MR2,17542.52191490579,0.807,16280.337463128317,1,0.0,11902.601119263576
2025,8,Sylhet,MR2,16364.133321606843,0.807,15186.73392911723,1,0.0,11103.064458710242
2025,9,Sylhet,MR2,17896.22382308783,0.807,16608.59051901666,1,0.0,12142.58786396509
2025,10,Sylhet,MR2,18498.04561285956,0.807,17167.111231014314,1,0.0,12550.92394832521
2025,11,Sylhet,MR2,19055.199498687914,0.807,17684.17789475732,1,0.0,12928.952859859748
2025,12,Sylhet,MR2,18395.011974731984,0.807,17071.49086315002,1,0.0,12481.015624855649
2026,1,Sylhet,MR2,17524.57881833909,0.807,16263.685372359592,0,0.0,16263.685372359592
2026,2,Sylhet,MR2,18442.264687148738,0.807,17115.343742908386,0,0.0,17115.343742908386
2026,3,Sylhet,MR2,16725.86863722399,0.807,15522.442388775724,0,124200.0,139722.44238877573
2026,4,Sylhet,MR2,16478.062937423514,0.807,15292.466309075893,0,124200.0,139492.46630907588
2026,5,Sylhet,MR2,16859.799835361853,0.807,15646.737237207568,0,124200.0,139846.73723720756
2026,6,Sylhet,MR2,15115.41895903425,0.807,14027.864564931735,0,124200.0,138227.86456493175
2026,7,Sylhet,MR2,16662.525033092486,0.807,15463.656356961481,0,0.0,15463.656356961481
2026,8,Sylhet,MR2,18221.292744185706,0.807,16910.270731241544,0,0.0,16910.270731241544
2026,9,Sylhet,MR2,17763.085179664642,0.807,16485.03120098777,0,0.0,16485.03120098777
2026,10,Sylhet,MR2,18146.227365950155,0.807,16840.606306970043,0,0.0,16840.606306970043
2026,11,Sylhet,MR2,19125.447016364935,0.807,17749.371103537476,0,0.0,17749.371103537476
2026,12,Sylhet,MR2,18950.747350950554,0.807,17587.24107904966,0,0.0,17587.24107904966
2027,1,Sylhet,MR2,18595.201296998745,0.807,17257.276563679683,0,0.0,17257.276563679683
2027,2,Sylhet,MR2,18294.2904880379,0.807,16978.016287423572,0,0.0,16978.016287423572
2027,3,Sylhet,MR2,16853.16345350614,0.807,15640.578343026371,0,0.0,15640.578343026371
2027,4,Sylhet,MR2,16663.37160986752,0.807,15464.442022537552,0,0.0,15464.442022537552
2027,5,Sylhet,MR2,16429.033683916656,0.807,15246.964710358852,0,0.0,15246.964710358852
2027,6,Sylhet,MR2,16098.572611210362,0.807,14940.280311833776,0,0.0,14940.280311833776
2027,7,Sylhet,MR2,15477.674088207144,0.807,14364.05543756064,0,0.0,14364.05543756064
2027,8,Sylhet,MR2,17045.616508170344,0.807,15819.184400407488,0,0.0,15819.184400407488
2027,9,Sylhet,MR2,18263.996492442966,0.807,16949.901944811692,0,0.0,16949.901944811692
2027,10,Sylhet,MR2,18857.141752216176,0.807,17500.37040314422,0,0.0,17500.37040314422
2027,11,Sylhet,MR2,17988.780553797646,0.807,16694.487792951906,0,0.0,16694.487792951906
2027,12,Sylhet,MR2,17978.268728998304,0.807,16684.732293946876,0,0.0,16684.732293946876
2028,1,Sylhet,MR2,18848.0303858653,0.807,17491.91459960229,0,0.0,17491.91459960229
2028,2,Sylhet,MR2,16983.82899306769,0.807,15761.84249701647,0,0.0,15761.84249701647
2028,3,Sylhet,MR2,16691.91003722931,0.807,15490.927110050661,0,0.0,15490.927110050661
2028,4,Sylhet,MR2,15867.322915497454,0.807,14725.669031727411,0,0.0,14725.669031727411
2028,5,Sylhet,MR2,15771.089238846773,0.807,14636.359368111747,0,0.0,14636.359368111747
2028,6,Sylhet,MR2,16082.54341795664,0.807,14925.40441903466,0,0.0,14925.40441903466
2028,7,Sylhet,MR2,16518.790116998454,0.807,15330.263168080415,0,0.0,15330.263168080415
2028,8,Sylhet,MR2,16523.87831744202,0.807,15334.985272502066,0,0.0,15334.985272502066
2028,9,Sylhet,MR2,18235.850968334034,0.807,16923.7814911624,0,0.0,16923.7814911624
2028,10,Sylhet,MR2,18585.980026223984,0.807,17248.71876333717,0,0.0,17248.71876333717
2028,11,Sylhet,MR2,18677.669965980534,0.807,17333.811611928235,0,0.0,17333.811611928235
2028,12,Sylhet,MR2,18823.39950430501,0.807,17469.055909970266,0,0.0,17469.055909970266
